C0 = {7, 35, 105, 147, 162, 170, 174, 215, 221, 231, 232, 263, 267, 277, 289, 307, 326, 346, 348, 378, 402, 441, 450, 469, 479, 489, 492, 523, 540, 605, 617, 623, 632, 735, 763, 767, 779, 792, 804, 819, 869, 877, 894, 904, 905, 956, 975, 980, 987, 988}
C1 = {27, 40, 92, 99, 168, 172, 201, 213, 220, 227, 255, 274, 278, 291, 323, 390, 507, 510, 512, 549, 574, 630, 655, 676, 786, 819, 837, 839, 859, 894, 909, 913, 918, 979}
C2 = {66, 68, 90, 92, 353, 462, 587, 613, 657, 697, 731, 904, 906, 914}
C3 = {9, 10, 12, 18, 21, 31, 32, 35, 39, 44, 62, 86, 95, 108, 113, 130, 140, 165, 183, 188, 197, 208, 242, 256, 277, 287, 299, 316, 339, 361, 365, 366, 378, 412, 420, 424, 470, 484, 487, 507, 513, 549, 551, 555, 561, 564, 566, 604, 618, 626, 628, 629, 669, 678, 683, 690, 695, 701, 705, 716, 734, 741, 742, 768, 769, 789, 806, 822, 828, 834, 842, 870, 917, 919, 941, 952, 959, 967, 982, 986, 987}
C4 = {22, 100, 133, 143, 171, 196, 261, 299, 336, 351, 356, 403, 506, 564, 620, 624, 627, 630, 632, 686, 751, 752, 773, 817, 856, 868, 878, 885, 921, 946, 972, 975}
C5 = {1, 21, 57, 81, 121, 144, 151, 176, 263, 275, 372, 421, 430, 504, 519, 521, 544, 622, 636, 668, 698, 730, 745, 804, 808, 824, 843, 889, 920, 962, 964, 966, 968}
C6 = {11, 14, 39, 80, 138, 153, 179, 193, 267, 274, 277, 289, 291, 342, 359, 361, 372, 382, 420, 442, 459, 492, 508, 543, 575, 592, 594, 607, 614, 621, 622, 633, 662, 673, 700, 764, 776, 816, 824, 900, 903, 911, 913, 926, 933, 953, 970, 978, 988, 995}
C7 = {4, 9, 14, 28, 48, 88, 116, 161, 165, 204, 221, 242, 283, 304, 323, 325, 331, 338, 346, 350, 353, 384, 411, 422, 426, 434, 439, 480, 506, 510, 531, 536, 550, 565, 635, 673, 720, 736, 769, 787, 790, 794, 795, 824, 843, 869, 892, 911, 918, 930, 967, 971, 973}
C8 = {14, 99, 138, 141, 157, 233, 264, 288, 313, 318, 337, 367, 371, 409, 431, 446, 491, 492, 519, 553, 563, 620, 638, 701, 760, 773, 787, 788, 839, 878, 907, 992}
C9 = {22, 75, 76, 81, 85, 127, 159, 161, 179, 302, 349, 466, 486, 496, 515, 564, 673, 692, 695, 729, 730, 736, 751, 753, 789, 799, 821, 844, 862, 907, 930, 938, 963, 967, 993}
C10 = {25, 32, 69, 88, 94, 111, 131, 144, 148, 151, 162, 165, 171, 187, 191, 209, 221, 232, 233, 234, 280, 282, 285, 306, 311, 314, 317, 331, 368, 372, 418, 437, 441, 448, 449, 450, 462, 476, 480, 486, 501, 519, 549, 550, 592, 615, 619, 620, 621, 624, 626, 629, 632, 646, 653, 660, 663, 664, 674, 675, 678, 697, 731, 733, 735, 742, 743, 770, 779, 785, 789, 798, 799, 817, 844, 852, 875, 884, 893, 894, 896, 905, 908, 914, 919, 940, 943, 948, 949, 950, 970, 988, 993, 995}
C11 = {6, 9, 10, 14, 17, 39, 48, 50, 88, 91, 104, 122, 149, 159, 163, 165, 177, 196, 197, 208, 223, 236, 237, 257, 273, 280, 293, 298, 349, 362, 368, 380, 396, 407, 413, 415, 463, 485, 502, 525, 530, 543, 549, 560, 618, 635, 653, 709, 713, 718, 720, 725, 729, 758, 773, 775, 816, 835, 858, 861, 866, 873, 880, 900, 927, 991}
C12 = {87, 173, 275, 610, 634, 645, 734, 868, 958, 987}
C13 = {37, 62, 77, 105, 111, 123, 142, 222, 296, 303, 338, 391, 401, 405, 464, 481, 499, 513, 570, 581, 615, 636, 656, 707, 739, 745, 772, 779, 978, 996}
C14 = {11, 18, 48, 67, 73, 74, 93, 119, 145, 146, 155, 158, 159, 169, 182, 204, 207, 213, 215, 221, 294, 299, 306, 315, 324, 348, 387, 388, 398, 401, 404, 412, 415, 417, 432, 487, 490, 500, 502, 510, 519, 543, 544, 576, 584, 594, 601, 611, 618, 624, 638, 643, 646, 654, 660, 662, 670, 693, 705, 707, 709, 711, 713, 716, 725, 766, 767, 787, 828, 833, 864, 877, 894, 909, 920, 923, 938, 957, 980, 984}
C15 = {15, 19, 29, 43, 63, 68, 75, 86, 97, 133, 150, 174, 178, 186, 195, 251, 259, 262, 264, 268, 297, 305, 314, 324, 336, 347, 355, 360, 364, 372, 382, 385, 392, 396, 397, 436, 437, 438, 456, 470, 494, 520, 524, 534, 537, 569, 576, 623, 627, 629, 634, 636, 640, 641, 643, 666, 670, 685, 686, 702, 710, 711, 732, 737, 742, 746, 765, 773, 776, 779, 780, 782, 792, 830, 858, 864, 867, 871, 890, 906, 918, 929, 945, 953, 964, 976, 979, 980, 991, 997, 998}
C16 = {757, 986}
C17 = {52, 53, 67, 93, 94, 103, 112, 125, 144, 167, 184, 189, 201, 203, 205, 210, 233, 235, 242, 252, 258, 260, 278, 280, 284, 289, 324, 359, 368, 379, 385, 408, 421, 444, 450, 451, 455, 473, 474, 484, 490, 497, 503, 510, 520, 572, 590, 598, 608, 616, 628, 629, 664, 666, 679, 686, 688, 700, 717, 723, 730, 738, 778, 822, 823, 832, 880, 888, 893, 926, 928, 938, 945, 951, 958, 994}
C18 = {3, 13, 14, 16, 21, 23, 33, 39, 49, 52, 65, 80, 83, 88, 91, 102, 111, 113, 120, 132, 140, 147, 166, 176, 188, 212, 232, 241, 242, 244, 263, 267, 273, 287, 295, 304, 319, 324, 327, 348, 354, 367, 376, 383, 387, 425, 429, 443, 445, 458, 467, 471, 475, 484, 502, 508, 512, 532, 557, 570, 571, 584, 586, 615, 628, 633, 664, 666, 670, 685, 687, 688, 733, 776, 800, 801, 811, 818, 823, 844, 853, 861, 883, 912, 932, 935, 937, 956, 963, 972, 978, 996}
C19 = {19, 92, 97, 101, 122, 160, 179, 187, 226, 231, 248, 257, 283, 291, 314, 337, 347, 351, 364, 368, 402, 406, 444, 469, 517, 528, 537, 542, 550, 643, 666, 697, 730, 741, 749, 760, 764, 786, 789, 794, 808, 851, 869, 913, 963, 979, 988}
C20 = {3, 24, 27, 51, 59, 64, 69, 72, 79, 87, 94, 128, 131, 141, 143, 146, 200, 215, 222, 223, 236, 250, 338, 345, 349, 383, 474, 487, 491, 502, 510, 533, 585, 641, 663, 664, 729, 747, 749, 787, 790, 800, 805, 812, 814, 827, 863, 883, 904, 915, 923, 928, 967, 981, 992}
C21 = {0, 76, 77, 83, 94, 132, 139, 140, 163, 177, 197, 214, 231, 238, 313, 314, 317, 339, 347, 375, 388, 398, 406, 416, 484, 523, 530, 549, 564, 567, 620, 625, 676, 690, 699, 740, 755, 759, 768, 798, 818, 827, 844, 847, 887, 899, 928, 970, 998}
C22 = {7, 15, 21, 23, 32, 34, 36, 42, 52, 62, 79, 102, 118, 137, 151, 154, 160, 163, 167, 194, 205, 217, 218, 224, 246, 271, 275, 302, 329, 337, 341, 347, 377, 391, 417, 419, 425, 428, 438, 440, 482, 522, 540, 549, 555, 558, 560, 561, 564, 593, 600, 609, 621, 632, 642, 647, 649, 675, 702, 724, 725, 726, 745, 750, 753, 768, 772, 785, 791, 794, 800, 805, 819, 826, 879, 898, 901, 904, 917, 929, 940, 943, 963, 964, 966, 972}
C23 = {9, 17, 41, 45, 68, 93, 110, 171, 190, 207, 238, 240, 250, 262, 274, 296, 321, 378, 392, 400, 405, 440, 463, 492, 518, 581, 582, 588, 675, 680, 683, 688, 715, 716, 718, 735, 768, 774, 828, 830, 845, 860, 872, 877, 881, 890, 897, 924}
C24 = {2, 3, 6, 15, 21, 26, 28, 93, 103, 125, 132, 149, 156, 225, 230, 301, 320, 327, 330, 357, 381, 392, 394, 406, 439, 468, 498, 515, 529, 536, 546, 552, 553, 555, 563, 578, 584, 603, 631, 632, 643, 644, 671, 672, 675, 703, 742, 759, 770, 783, 798, 806, 816, 821, 827, 831, 838, 891, 906, 967, 981}
C25 = {51, 113, 332, 540, 557, 564, 586, 592, 652, 689, 790, 864, 939}
C26 = {112, 133, 139, 142, 189, 214, 233, 248, 253, 268, 283, 308, 317, 349, 370, 371, 422, 429, 438, 450, 464, 486, 512, 516, 526, 532, 577, 599, 601, 619, 643, 646, 660, 674, 697, 712, 738, 747, 749, 768, 789, 836, 839, 928, 935, 972, 980}
C27 = {427}
C28 = {6, 7, 19, 36, 72, 89, 97, 166, 180, 232, 333, 352, 364, 365, 381, 392, 414, 423, 426, 435, 436, 460, 464, 492, 493, 506, 661, 699, 758, 823, 870, 880, 884, 890, 927, 928, 940, 968, 975, 997}
C29 = {6, 18, 27, 42, 45, 46, 54, 79, 88, 118, 123, 157, 187, 199, 212, 254, 257, 260, 266, 355, 388, 412, 417, 444, 464, 465, 473, 486, 496, 520, 530, 546, 566, 579, 596, 630, 659, 660, 661, 698, 724, 741, 757, 792, 900, 949, 970, 986}
C30 = {280, 284, 382, 524, 736, 798, 869, 941, 946, 960}
C31 = {7, 13, 16, 24, 40, 49, 50, 67, 94, 131, 172, 184, 205, 206, 234, 235, 240, 245, 249, 259, 273, 281, 285, 324, 327, 342, 368, 384, 406, 416, 418, 483, 496, 514, 530, 544, 546, 547, 560, 576, 590, 598, 606, 623, 636, 640, 651, 656, 660, 695, 701, 702, 703, 708, 712, 722, 728, 744, 749, 803, 804, 840, 844, 845, 848, 853, 877, 883, 885, 888, 894, 901, 918, 924, 934, 960, 969, 980, 998}
C32 = {11, 99, 308, 318, 441, 456, 491, 531, 572, 782, 791, 852, 862, 884, 971, 975, 984, 993}
C33 = {9, 12, 20, 28, 38, 43, 48, 53, 59, 65, 104, 113, 122, 123, 137, 140, 141, 153, 159, 160, 165, 177, 201, 213, 236, 246, 247, 270, 278, 296, 306, 309, 318, 325, 332, 346, 349, 357, 380, 402, 416, 435, 460, 473, 490, 497, 500, 505, 516, 522, 531, 543, 601, 630, 631, 636, 640, 646, 672, 678, 684, 685, 688, 697, 710, 719, 746, 749, 756, 786, 789, 790, 815, 819, 848, 857, 878, 886, 888, 891, 962, 972, 973, 981, 997}
C34 = {46, 67, 107, 128, 212, 276, 287, 302, 364, 397, 510, 676, 686, 702, 785, 800}
C35 = {42, 62, 99, 153, 162, 181, 218, 258, 276, 290, 314, 326, 399, 420, 432, 494, 539, 545, 555, 586, 633, 643, 721, 774, 786, 812, 831, 850, 913, 930, 936, 946, 964, 978}
C36 = {2, 7, 17, 29, 33, 55, 67, 102, 130, 150, 162, 192, 213, 235, 262, 288, 290, 310, 318, 341, 356, 363, 369, 373, 375, 379, 383, 415, 423, 426, 433, 457, 479, 483, 489, 500, 502, 510, 517, 533, 537, 538, 562, 565, 575, 603, 657, 672, 673, 714, 757, 762, 768, 772, 785, 798, 836, 856, 869, 877, 906, 958, 966, 984}
C37 = {28, 54, 75, 265, 310, 698, 717, 757, 866, 957}
C38 = {84, 96, 97, 101, 128, 273, 298, 369, 407, 562, 580, 587, 598, 609, 626, 639, 644, 660, 726, 783, 840, 853, 866, 913, 917, 937}
C39 = {4, 11, 13, 16, 23, 25, 43, 50, 58, 73, 74, 88, 90, 99, 104, 116, 152, 188, 203, 204, 211, 228, 232, 242, 245, 248, 251, 266, 268, 271, 314, 321, 348, 377, 384, 390, 405, 407, 423, 441, 466, 468, 472, 484, 494, 497, 503, 504, 507, 513, 523, 524, 533, 554, 562, 570, 584, 597, 606, 612, 614, 618, 637, 647, 652, 666, 674, 678, 686, 689, 696, 710, 719, 726, 729, 745, 746, 757, 805, 807, 813, 845, 859, 861, 862, 875, 892, 898, 905, 914, 923, 931, 943, 952, 971, 986, 987, 994, 998, 999}
C40 = {8, 217, 296, 312, 332, 338, 375, 521, 810, 859}
C41 = {26, 40, 46, 62, 85, 111, 128, 135, 141, 143, 153, 172, 212, 215, 253, 275, 307, 334, 335, 357, 362, 365, 382, 395, 402, 408, 429, 432, 442, 445, 467, 472, 490, 503, 529, 544, 563, 608, 620, 623, 633, 638, 649, 656, 665, 670, 682, 705, 710, 715, 727, 745, 747, 756, 757, 776, 798, 809, 818, 822, 831, 834, 843, 888, 890, 893, 903, 915, 962, 979, 985, 988, 994}
C42 = {35, 52, 53, 69, 70, 82, 145, 147, 168, 176, 191, 199, 260, 267, 292, 317, 323, 345, 349, 358, 369, 373, 378, 406, 409, 415, 416, 422, 424, 474, 500, 526, 527, 543, 548, 554, 574, 587, 597, 611, 618, 622, 656, 668, 669, 674, 681, 688, 689, 693, 699, 703, 712, 714, 720, 742, 756, 774, 786, 805, 807, 813, 827, 839, 852, 855, 857, 859, 867, 880, 883, 908, 923, 934, 937, 952, 993}
C43 = {2, 80, 115, 129, 153, 162, 190, 229, 272, 306, 379, 460, 478, 578, 676, 701, 708, 716, 731, 816, 856, 892, 908, 951}
C44 = {5, 16, 104, 111, 114, 125, 162, 168, 175, 181, 221, 375, 397, 402, 413, 421, 445, 454, 503, 504, 584, 590, 710, 739, 747, 763, 773, 823, 888, 894, 896, 900, 903, 905, 922, 938, 960}
C45 = {13, 89, 93, 115, 124, 125, 135, 136, 147, 152, 177, 211, 221, 233, 243, 257, 265, 269, 288, 299, 305, 336, 340, 359, 362, 370, 388, 404, 433, 469, 478, 507, 517, 567, 583, 607, 612, 646, 668, 669, 671, 674, 699, 718, 720, 739, 747, 753, 755, 760, 803, 829, 831, 844, 851, 855, 859, 867, 878, 883, 898, 903, 941, 991}
C46 = {16, 18, 38, 44, 49, 61, 63, 64, 69, 76, 78, 89, 91, 106, 115, 129, 157, 167, 183, 190, 227, 234, 235, 243, 244, 252, 268, 271, 296, 304, 308, 326, 355, 358, 362, 367, 378, 390, 392, 393, 395, 420, 423, 428, 450, 453, 502, 511, 513, 544, 554, 557, 565, 566, 578, 587, 592, 605, 607, 633, 638, 644, 647, 652, 658, 670, 672, 684, 685, 697, 702, 707, 713, 728, 741, 751, 752, 758, 771, 775, 784, 788, 803, 812, 849, 857, 865, 873, 874, 878, 904, 911, 931, 933, 945, 964, 972, 974, 999}
C47 = {0, 4, 13, 17, 19, 31, 47, 55, 64, 68, 74, 77, 91, 98, 119, 125, 141, 143, 144, 146, 148, 156, 157, 162, 183, 214, 223, 227, 234, 240, 252, 262, 276, 277, 291, 307, 344, 350, 358, 363, 375, 401, 403, 416, 417, 438, 454, 456, 474, 475, 502, 529, 546, 551, 562, 575, 582, 585, 606, 610, 641, 647, 649, 656, 667, 671, 679, 684, 690, 691, 776, 801, 813, 824, 840, 849, 855, 866, 891, 903, 904, 918, 924, 925, 929, 930, 932, 934, 937, 952, 971, 982, 986}
C48 = {15, 64, 72, 95, 98, 101, 135, 199, 209, 237, 242, 261, 281, 301, 356, 360, 375, 397, 398, 400, 411, 457, 464, 522, 552, 559, 597, 598, 607, 633, 635, 658, 660, 677, 694, 699, 716, 738, 808, 830, 844, 854, 855, 865, 911, 912, 965}
C49 = {1, 8, 9, 17, 34, 38, 42, 51, 53, 70, 75, 78, 116, 129, 141, 155, 166, 183, 193, 196, 202, 203, 210, 234, 242, 251, 259, 260, 297, 307, 317, 321, 322, 326, 327, 335, 344, 373, 374, 375, 387, 401, 420, 440, 446, 462, 494, 527, 531, 541, 549, 563, 569, 571, 588, 594, 595, 612, 617, 618, 658, 663, 670, 674, 676, 685, 687, 693, 697, 703, 723, 731, 740, 770, 771, 776, 789, 829, 832, 835, 846, 864, 879, 904, 905, 909, 917, 918, 919, 947, 949}
C50 = {14, 41, 58, 70, 75, 85, 89, 95, 99, 109, 126, 136, 181, 207, 232, 235, 262, 284, 300, 306, 313, 356, 373, 382, 387, 389, 418, 424, 487, 506, 530, 563, 570, 581, 643, 655, 656, 672, 693, 701, 714, 760, 782, 786, 805, 809, 880, 881, 886, 900, 904, 927, 939, 942, 949, 965, 975, 976, 977}
C51 = {17, 34, 49, 53, 71, 73, 80, 83, 84, 94, 99, 113, 114, 117, 125, 127, 130, 140, 141, 151, 162, 172, 176, 190, 196, 212, 221, 241, 247, 274, 281, 295, 296, 301, 306, 315, 325, 328, 377, 378, 397, 422, 423, 424, 436, 438, 443, 456, 458, 460, 473, 499, 531, 540, 546, 572, 577, 578, 585, 594, 643, 674, 681, 689, 693, 705, 736, 746, 756, 762, 768, 774, 776, 777, 795, 818, 825, 841, 846, 851, 852, 875, 883, 920, 921, 938, 939, 947, 966, 975}
C52 = {5, 32, 37, 43, 45, 60, 63, 80, 81, 97, 99, 116, 120, 139, 142, 143, 149, 167, 169, 170, 179, 182, 199, 205, 230, 235, 248, 250, 256, 284, 325, 327, 332, 341, 347, 350, 357, 378, 395, 425, 432, 456, 460, 470, 489, 492, 496, 509, 537, 539, 541, 550, 567, 594, 601, 621, 634, 643, 668, 704, 778, 787, 790, 795, 801, 825, 836, 841, 842, 872, 873, 875, 876, 881, 885, 891, 892, 915, 920, 927, 928, 932, 933, 951, 960, 962, 984, 985, 994}
C53 = {20, 24, 46, 54, 55, 88, 107, 114, 149, 215, 244, 430, 450, 527, 531, 534, 590, 621, 644, 651, 653, 661, 721, 784, 788, 820, 919, 921, 925, 947, 955, 958, 963, 974}
C54 = {35, 44, 64, 76, 81, 89, 137, 149, 175, 180, 182, 183, 187, 195, 197, 207, 228, 254, 256, 257, 260, 264, 288, 297, 325, 346, 349, 360, 377, 382, 384, 388, 391, 413, 421, 458, 461, 508, 533, 537, 567, 579, 583, 609, 613, 615, 619, 627, 661, 664, 666, 672, 676, 681, 682, 698, 721, 769, 771, 779, 783, 806, 817, 821, 831, 839, 841, 846, 847, 848, 870, 872, 880, 882, 912, 927, 929, 973, 976, 977, 988}
C55 = {38, 40, 57, 70, 120, 160, 162, 191, 213, 217, 259, 395, 431, 456, 464, 471, 475, 477, 486, 494, 496, 497, 554, 599, 645, 670, 693, 713, 722, 805, 829, 844, 849, 875, 905, 931, 954, 972}
C56 = {6, 13, 30, 68, 76, 78, 80, 106, 111, 124, 143, 154, 159, 184, 189, 198, 206, 209, 210, 215, 227, 230, 232, 246, 258, 271, 275, 281, 290, 305, 326, 327, 335, 359, 360, 361, 388, 399, 401, 403, 410, 422, 437, 438, 446, 462, 515, 524, 550, 559, 567, 583, 596, 603, 606, 615, 619, 641, 662, 672, 674, 686, 696, 714, 720, 726, 752, 753, 755, 765, 770, 849, 856, 878, 886, 896, 899, 923, 941, 950, 951, 970, 989, 993}
C57 = {9, 10, 13, 27, 46, 55, 60, 62, 70, 72, 73, 87, 90, 101, 107, 115, 129, 133, 167, 178, 179, 181, 192, 200, 218, 219, 229, 239, 245, 249, 251, 267, 299, 311, 323, 326, 340, 351, 358, 373, 377, 382, 393, 409, 414, 424, 447, 502, 520, 521, 523, 533, 542, 543, 561, 565, 567, 596, 617, 619, 631, 634, 650, 665, 667, 672, 674, 676, 679, 689, 695, 715, 716, 730, 747, 750, 762, 788, 819, 823, 826, 845, 855, 872, 875, 877, 881, 890, 939, 944, 953, 954, 967, 979}
C58 = {7, 29, 37, 41, 42, 44, 59, 60, 68, 87, 110, 122, 132, 177, 222, 246, 282, 293, 313, 327, 333, 339, 366, 368, 381, 385, 405, 415, 422, 447, 450, 455, 461, 469, 471, 472, 473, 477, 480, 485, 487, 489, 490, 493, 499, 508, 511, 512, 533, 545, 553, 586, 590, 593, 594, 646, 650, 654, 664, 666, 684, 691, 711, 732, 733, 751, 764, 787, 811, 816, 827, 845, 857, 865, 867, 876, 894, 896, 909, 921, 923, 924, 932, 941, 948, 953, 966, 972}
C59 = {28, 35, 63, 64, 65, 67, 69, 77, 111, 115, 145, 149, 157, 166, 173, 174, 187, 224, 229, 253, 259, 266, 296, 307, 313, 317, 332, 343, 350, 356, 361, 370, 371, 376, 404, 414, 453, 479, 491, 493, 501, 532, 577, 601, 610, 636, 640, 646, 649, 652, 662, 666, 669, 683, 693, 707, 720, 724, 725, 729, 744, 745, 751, 767, 787, 789, 804, 818, 825, 853, 861, 871, 877, 878, 880, 904, 908, 912, 917, 922, 947, 964, 965, 997}
C60 = {0, 1, 15, 18, 22, 39, 40, 48, 60, 96, 99, 116, 117, 121, 127, 131, 155, 169, 175, 185, 190, 199, 228, 245, 261, 265, 270, 285, 311, 322, 328, 354, 358, 364, 377, 378, 386, 387, 399, 400, 414, 424, 438, 453, 455, 457, 461, 476, 481, 483, 500, 515, 524, 529, 533, 546, 548, 554, 564, 585, 593, 607, 611, 612, 614, 619, 627, 633, 640, 641, 688, 703, 730, 746, 781, 787, 791, 804, 814, 830, 834, 844, 848, 871, 891, 894, 898, 903, 912, 927, 929, 937, 942, 945, 946, 953, 959, 960, 971, 974}
C61 = {10, 33, 76, 128, 401, 408, 482, 597, 635, 686, 788, 808, 864, 899, 945}
C62 = {15, 33, 42, 129, 158, 229, 247, 258, 322, 343, 370, 453, 535, 561, 649, 681, 686, 700, 786, 923, 946}
C63 = {54, 80, 106, 133, 163, 176, 202, 213, 224, 255, 278, 291, 313, 322, 335, 338, 343, 346, 362, 363, 368, 372, 389, 411, 427, 460, 464, 493, 494, 520, 537, 558, 586, 592, 604, 639, 672, 673, 690, 698, 704, 706, 709, 713, 725, 728, 763, 764, 770, 774, 786, 792, 800, 835, 839, 851, 869, 890, 919, 923, 930, 947, 951, 962, 980}
C64 = {18, 146, 178, 255, 352, 472, 493, 507, 521, 544, 557, 566, 670, 703, 776, 898, 939, 989}
C65 = {33, 65, 76, 78, 131, 259, 336, 377, 518, 614, 681, 719, 900, 940, 996}
C66 = {1, 12, 25, 32, 63, 89, 134, 148, 169, 192, 212, 227, 246, 250, 261, 262, 264, 304, 312, 328, 347, 364, 378, 384, 391, 398, 418, 430, 437, 438, 447, 496, 508, 511, 517, 531, 538, 541, 547, 567, 585, 620, 625, 627, 662, 669, 670, 671, 701, 702, 708, 718, 731, 744, 750, 754, 758, 767, 795, 801, 813, 842, 856, 859, 879, 921, 924, 944, 945, 949, 966, 986, 991, 998}
C67 = {15, 93, 302, 527, 564, 576, 663, 668, 781, 826, 927, 963}
C68 = {5, 14, 49, 104, 114, 142, 146, 160, 221, 225, 259, 272, 291, 292, 306, 317, 320, 322, 328, 343, 363, 365, 387, 435, 446, 456, 462, 495, 597, 611, 618, 620, 623, 632, 644, 661, 672, 674, 697, 740, 745, 754, 764, 770, 791, 807, 843, 849, 859, 868, 887, 908, 913, 917, 931, 938, 941, 943, 946, 989, 991, 994}
C69 = {2, 79, 84, 117, 128, 136, 146, 154, 156, 159, 165, 230, 254, 257, 258, 272, 273, 277, 285, 287, 305, 315, 323, 325, 327, 328, 347, 374, 417, 437, 450, 451, 456, 470, 505, 536, 543, 549, 558, 584, 593, 595, 598, 606, 640, 647, 648, 650, 657, 676, 697, 704, 721, 751, 768, 772, 787, 793, 794, 795, 799, 810, 871, 879, 911, 924, 969, 981, 983, 994, 998, 999}
C70 = {64, 98, 189, 378, 648, 705, 730, 816, 944, 949}
C71 = {162, 175, 187, 212, 292, 304, 305, 320, 335, 338, 360, 410, 417, 489, 492, 510, 515, 534, 548, 559, 566, 592, 610, 640, 648, 675, 678, 734, 740, 874, 894, 926, 935, 936, 938, 972, 989, 997}
C72 = {33, 48, 170, 270, 282, 403, 583, 746, 855}
C73 = {0, 5, 32, 41, 56, 57, 91, 100, 141, 162, 165, 200, 215, 223, 398, 407, 464, 509, 544, 575, 642, 649, 756, 767, 769, 825, 882, 896, 935, 964, 981}
C74 = {320, 930}
C75 = {16, 18, 26, 35, 68, 80, 93, 108, 129, 131, 147, 151, 153, 178, 181, 188, 196, 198, 199, 213, 228, 234, 252, 269, 276, 299, 329, 330, 342, 351, 360, 394, 398, 421, 425, 429, 450, 470, 476, 478, 519, 527, 534, 552, 557, 573, 575, 596, 642, 647, 655, 674, 687, 689, 735, 737, 745, 760, 763, 765, 780, 806, 807, 813, 821, 828, 852, 855, 884, 917, 947}
C76 = {25, 56, 70, 98, 101, 134, 190, 204, 218, 236, 239, 241, 253, 254, 260, 326, 340, 368, 379, 389, 390, 402, 405, 427, 431, 437, 451, 452, 454, 467, 480, 490, 557, 588, 591, 609, 633, 650, 653, 658, 663, 680, 682, 683, 686, 688, 716, 717, 751, 767, 781, 791, 811, 871, 896, 903, 908, 910, 924, 946, 952, 969, 984, 990}
C77 = {18, 67, 80, 86, 90, 116, 117, 118, 140, 153, 179, 181, 223, 224, 229, 243, 284, 295, 302, 324, 356, 367, 389, 416, 421, 456, 466, 485, 502, 515, 522, 527, 529, 549, 579, 590, 598, 629, 636, 641, 679, 683, 703, 706, 715, 745, 800, 801, 815, 816, 822, 855, 860, 891, 922, 924, 928, 930, 947, 952, 954, 958, 972}
C78 = {27, 162, 173, 192, 209, 226, 278, 293, 301, 308, 310, 323, 337, 355, 423, 430, 481, 497, 499, 500, 510, 511, 516, 556, 642, 644, 691, 704, 720, 755, 767, 771, 774, 871, 916, 922, 924, 942, 958, 989, 999}
C79 = {3, 28, 40, 58, 63, 76, 98, 154, 161, 175, 211, 227, 228, 234, 255, 269, 293, 315, 330, 338, 346, 359, 368, 382, 387, 397, 401, 403, 404, 426, 430, 448, 456, 457, 471, 476, 485, 491, 506, 513, 524, 537, 544, 580, 596, 613, 657, 666, 674, 693, 728, 738, 760, 775, 780, 816, 839, 930, 972}
C80 = {8, 44, 56, 159, 167, 172, 249, 265, 266, 314, 325, 391, 424, 429, 503, 546, 562, 588, 684, 743, 772, 796, 877, 915}
C81 = {20, 25, 48, 64, 66, 125, 126, 130, 223, 233, 235, 237, 281, 290, 299, 337, 341, 376, 389, 391, 433, 458, 483, 489, 490, 509, 528, 536, 580, 622, 634, 695, 749, 755, 780, 804, 824, 831, 855, 862, 877, 879, 899, 991}
C82 = {5, 6, 11, 12, 69, 70, 75, 87, 94, 112, 120, 125, 131, 136, 175, 196, 199, 212, 216, 231, 273, 303, 313, 325, 329, 425, 454, 467, 475, 482, 485, 495, 499, 506, 523, 535, 554, 583, 625, 644, 657, 679, 683, 689, 694, 709, 733, 742, 746, 753, 762, 785, 809, 810, 813, 833, 849, 867, 875, 881, 884, 886, 901, 905, 913, 916, 950, 969, 970, 974, 997}
C83 = {73, 108, 126, 195, 225, 339, 343, 384, 388, 395, 445, 543, 581, 629, 655, 691, 699, 707, 743, 793, 812, 851, 951, 970}
C84 = {0, 5, 36, 40, 53, 66, 88, 100, 157, 161, 180, 181, 193, 203, 204, 236, 265, 267, 268, 284, 296, 301, 302, 322, 332, 365, 374, 381, 398, 407, 412, 414, 419, 444, 446, 453, 468, 472, 474, 490, 495, 507, 521, 538, 540, 541, 546, 549, 550, 560, 567, 580, 609, 610, 612, 628, 642, 646, 654, 656, 667, 695, 697, 701, 724, 742, 751, 760, 764, 771, 773, 778, 790, 800, 805, 817, 822, 854, 880, 883, 886, 890, 896, 909, 920, 928, 929, 938, 940, 961, 974, 975, 983, 984, 988, 997}
C85 = {5, 10, 49, 50, 57, 60, 77, 127, 146, 153, 155, 156, 160, 184, 188, 201, 212, 216, 243, 245, 258, 265, 280, 294, 306, 310, 315, 318, 351, 365, 399, 406, 411, 420, 433, 436, 441, 519, 526, 532, 535, 546, 550, 560, 584, 588, 596, 597, 603, 607, 608, 613, 615, 619, 629, 632, 633, 637, 647, 674, 676, 684, 694, 705, 712, 720, 722, 754, 786, 797, 812, 823, 838, 851, 860, 872, 881, 890, 910, 912, 927, 929, 934, 935, 964, 973, 975, 988, 993}
C86 = {705}
C87 = {0, 20, 26, 35, 65, 68, 72, 76, 82, 85, 91, 98, 99, 127, 131, 150, 163, 189, 206, 210, 220, 229, 235, 242, 252, 262, 294, 319, 324, 329, 341, 363, 366, 367, 372, 384, 395, 401, 404, 432, 436, 438, 443, 458, 461, 471, 497, 498, 509, 553, 562, 590, 593, 603, 621, 628, 634, 637, 666, 673, 678, 697, 707, 711, 726, 737, 741, 753, 755, 779, 782, 791, 798, 809, 816, 825, 830, 861, 869, 872, 874, 876, 878, 882, 883, 889, 890, 911, 924, 928, 929, 933, 935, 954, 971, 986, 987}
C88 = {166, 218, 310, 607, 669, 743, 761, 901, 962, 965, 988}
C89 = {4, 9, 25, 36, 38, 54, 70, 76, 95, 101, 105, 110, 114, 119, 121, 161, 184, 197, 228, 229, 239, 250, 251, 263, 270, 274, 285, 296, 318, 322, 325, 328, 335, 338, 352, 363, 370, 378, 381, 395, 404, 406, 420, 424, 429, 436, 438, 485, 495, 497, 501, 503, 509, 511, 516, 538, 548, 554, 559, 562, 563, 566, 596, 598, 604, 608, 638, 657, 673, 679, 683, 693, 707, 726, 735, 754, 772, 792, 806, 807, 813, 818, 825, 826, 862, 863, 864, 869, 896, 898, 903, 931, 940, 943, 951, 973, 975, 979, 989}
C90 = {30, 103, 128, 131, 152, 182, 205, 220, 255, 262, 291, 313, 330, 338, 340, 346, 456, 483, 497, 507, 538, 616, 679, 687, 698, 806, 841, 855, 879, 893, 900, 905, 910, 916, 924, 948, 956}
C91 = {17, 55, 69, 73, 93, 95, 99, 126, 161, 163, 168, 175, 184, 208, 221, 232, 235, 236, 239, 240, 253, 264, 303, 309, 313, 335, 339, 354, 365, 368, 400, 419, 430, 441, 442, 444, 464, 470, 471, 475, 479, 492, 518, 537, 557, 568, 573, 592, 599, 613, 616, 627, 632, 647, 649, 660, 673, 685, 692, 700, 701, 709, 715, 721, 744, 746, 758, 761, 773, 781, 802, 803, 804, 820, 838, 845, 849, 850, 857, 886, 898, 906, 908, 927, 941, 949, 954, 982, 995}
C92 = {9, 10, 22, 28, 36, 43, 49, 51, 72, 74, 76, 78, 82, 83, 100, 135, 137, 154, 159, 216, 240, 273, 287, 293, 295, 346, 361, 371, 374, 411, 415, 416, 423, 427, 435, 452, 478, 488, 513, 516, 519, 531, 536, 537, 544, 552, 570, 571, 572, 604, 624, 627, 656, 661, 662, 670, 672, 675, 708, 716, 725, 740, 742, 749, 764, 768, 808, 809, 814, 819, 827, 834, 855, 865, 878, 888, 892, 902, 916, 918, 921, 922, 923, 925, 928, 945, 964}
C93 = {2, 7, 9, 14, 39, 64, 67, 69, 76, 106, 108, 112, 121, 128, 130, 170, 200, 225, 231, 248, 256, 267, 314, 323, 345, 347, 353, 398, 413, 423, 425, 434, 439, 457, 466, 516, 535, 543, 544, 545, 549, 560, 578, 592, 598, 603, 646, 655, 658, 691, 705, 730, 731, 735, 754, 762, 781, 793, 858, 863, 881, 890, 914, 916, 921, 927, 949, 950, 971}
C94 = {10, 11, 16, 23, 39, 42, 48, 133, 140, 159, 162, 177, 212, 215, 226, 231, 232, 237, 264, 272, 292, 322, 347, 354, 356, 374, 401, 404, 417, 418, 429, 433, 435, 446, 448, 463, 467, 468, 472, 485, 488, 489, 490, 493, 503, 504, 510, 525, 540, 544, 551, 558, 559, 569, 578, 580, 587, 599, 617, 619, 648, 682, 698, 723, 727, 741, 753, 756, 759, 779, 798, 804, 823, 825, 829, 836, 840, 857, 861, 870, 887, 892, 909, 925, 977, 989, 994, 998}
C95 = {46, 109, 113, 122, 143, 159, 187, 198, 200, 208, 243, 250, 261, 281, 285, 286, 308, 329, 413, 434, 473, 492, 514, 529, 535, 538, 549, 565, 572, 573, 601, 603, 649, 667, 680, 681, 761, 779, 826, 831, 863, 915, 937, 938, 949, 955, 974, 987}
C96 = {4, 16, 19, 25, 52, 61, 62, 71, 83, 85, 90, 98, 103, 126, 128, 129, 135, 137, 147, 164, 168, 174, 184, 190, 194, 198, 210, 244, 249, 252, 277, 301, 305, 306, 307, 346, 348, 355, 364, 375, 381, 386, 390, 391, 421, 424, 430, 455, 459, 462, 489, 491, 493, 495, 508, 537, 545, 562, 579, 581, 582, 584, 588, 594, 608, 611, 621, 628, 672, 682, 716, 719, 720, 721, 729, 748, 752, 755, 756, 772, 787, 799, 831, 868, 871, 895, 912, 928, 934, 957, 970, 975, 978, 981}
C97 = {90, 370, 394, 433, 455, 543, 690, 759, 813, 819, 830, 848, 851, 856}
C98 = {3, 4, 7, 8, 27, 28, 62, 70, 73, 91, 100, 111, 117, 127, 133, 136, 160, 168, 182, 208, 215, 228, 237, 244, 264, 266, 272, 282, 288, 290, 299, 309, 313, 357, 359, 363, 376, 378, 383, 392, 401, 414, 425, 441, 455, 465, 488, 491, 501, 509, 511, 512, 534, 535, 545, 551, 570, 571, 586, 603, 604, 608, 674, 676, 693, 695, 721, 725, 740, 742, 750, 765, 767, 778, 786, 799, 813, 828, 891, 899, 911, 926, 932, 936, 950, 958, 959, 972, 974, 976, 977, 978, 979, 981, 983, 992, 997}
C99 = {16, 23, 41, 46, 60, 67, 87, 98, 108, 117, 128, 167, 168, 234, 240, 252, 259, 279, 338, 345, 393, 397, 438, 439, 470, 496, 516, 520, 555, 568, 617, 619, 639, 641, 653, 655, 681, 699, 748, 753, 756, 768, 773, 809, 819, 836, 839, 853, 855, 881, 882, 885, 894, 902, 906, 935, 936, 955}
C100 = {0, 8, 19, 70, 78, 89, 96, 135, 141, 162, 172, 186, 198, 206, 216, 233, 242, 288, 296, 297, 304, 326, 331, 338, 353, 365, 390, 409, 428, 432, 453, 464, 503, 534, 550, 562, 584, 641, 645, 647, 648, 653, 657, 659, 681, 722, 726, 734, 741, 748, 764, 775, 780, 783, 786, 808, 815, 838, 928, 929, 944}
C101 = {1, 7, 8, 39, 94, 107, 126, 129, 153, 158, 173, 200, 235, 278, 295, 297, 316, 327, 356, 393, 465, 483, 493, 502, 571, 590, 603, 617, 667, 723, 815, 832, 843, 870, 880, 899, 934, 947, 968, 977}
C102 = {31, 38, 129, 152, 159, 182, 186, 219, 240, 251, 258, 261, 303, 317, 323, 341, 368, 436, 471, 498, 533, 539, 558, 572, 630, 635, 667, 668, 675, 704, 742, 763, 764, 774, 808, 827, 838, 839, 855, 856, 872, 920, 927, 949, 969, 977}
C103 = {170, 186, 207, 295, 474, 641, 739, 787, 797, 848, 901, 963}
C104 = {2, 22, 23, 25, 35, 38, 56, 74, 111, 123, 130, 139, 153, 161, 182, 201, 208, 213, 224, 226, 230, 232, 239, 276, 287, 293, 294, 298, 335, 340, 346, 357, 359, 371, 377, 378, 412, 416, 427, 440, 448, 458, 467, 475, 480, 481, 486, 495, 498, 505, 510, 512, 536, 543, 546, 548, 552, 560, 562, 564, 599, 612, 630, 645, 655, 663, 665, 670, 683, 718, 741, 748, 756, 759, 784, 794, 803, 811, 814, 818, 835, 845, 849, 879, 890, 900, 934, 946, 954, 966, 973, 987, 990}
C105 = {19, 33, 40, 56, 62, 93, 145, 180, 186, 193, 208, 215, 234, 238, 328, 331, 337, 339, 364, 400, 406, 421, 428, 435, 451, 464, 465, 491, 494, 515, 529, 545, 649, 656, 726, 789, 795, 798, 804, 809, 830, 839, 904, 916, 917, 953, 984}
C106 = {10, 11, 39, 44, 50, 61, 70, 85, 125, 126, 136, 139, 150, 155, 181, 185, 191, 193, 211, 230, 232, 235, 249, 265, 317, 335, 347, 348, 355, 364, 372, 378, 381, 384, 385, 388, 416, 446, 448, 449, 452, 453, 458, 468, 483, 539, 546, 573, 574, 592, 599, 602, 614, 627, 653, 671, 677, 678, 681, 683, 707, 721, 732, 738, 764, 768, 773, 776, 780, 789, 808, 814, 823, 890, 903, 919, 922, 927, 932, 942, 946, 961, 962, 969, 996, 999}
C107 = {16, 43, 62, 91, 110, 124, 152, 212, 215, 230, 277, 297, 353, 361, 383, 384, 395, 456, 462, 483, 486, 490, 543, 551, 586, 642, 650, 661, 686, 734, 831, 833, 838, 862, 905, 910, 924, 957, 960}
C108 = {29, 62, 80, 85, 88, 94, 188, 251, 254, 293, 301, 709, 711, 716, 722, 764, 797, 809, 810, 905, 907, 911}
C109 = {35, 36, 38, 66, 93, 109, 123, 127, 142, 153, 158, 168, 170, 178, 183, 205, 209, 211, 223, 229, 230, 238, 244, 265, 280, 297, 314, 315, 401, 413, 426, 428, 451, 453, 475, 485, 491, 510, 516, 522, 560, 577, 579, 583, 599, 602, 609, 610, 629, 632, 640, 669, 677, 684, 691, 697, 704, 707, 710, 712, 745, 788, 789, 792, 809, 813, 866, 889, 892, 896, 905, 912, 931, 942, 954, 958, 988}
C110 = {45, 55, 61, 125, 134, 206, 252, 257, 284, 295, 296, 317, 327, 333, 336, 367, 374, 439, 481, 545, 546, 572, 642, 645, 650, 700, 701, 711, 743, 782, 805, 812, 892, 894, 940, 954}
C111 = {9, 17, 27, 30, 31, 36, 50, 51, 65, 70, 84, 91, 100, 105, 108, 112, 113, 118, 124, 129, 134, 147, 153, 195, 219, 233, 237, 240, 260, 266, 269, 276, 287, 329, 334, 335, 337, 344, 358, 386, 394, 396, 488, 505, 508, 522, 527, 528, 539, 543, 556, 560, 570, 573, 574, 582, 588, 590, 592, 607, 613, 625, 626, 659, 661, 664, 679, 685, 690, 706, 707, 723, 725, 730, 743, 774, 783, 812, 814, 825, 830, 837, 840, 847, 851, 863, 866, 870, 879, 917, 920, 932, 949, 970, 973, 976, 980, 982, 997}
C112 = {10, 22, 30, 61, 65, 68, 79, 85, 90, 133, 153, 171, 197, 200, 216, 311, 315, 331, 368, 416, 424, 429, 431, 432, 465, 482, 484, 489, 499, 503, 537, 547, 554, 559, 563, 564, 586, 604, 608, 633, 635, 636, 637, 649, 682, 684, 693, 714, 720, 732, 734, 749, 756, 786, 788, 797, 799, 800, 803, 804, 823, 826, 840, 850, 864, 887, 888, 889, 915, 935, 942, 946}
C113 = {0, 17, 27, 28, 32, 42, 50, 51, 52, 73, 74, 85, 110, 118, 120, 159, 169, 180, 208, 227, 232, 233, 240, 254, 255, 267, 281, 291, 323, 347, 356, 380, 388, 392, 396, 405, 412, 420, 440, 470, 488, 536, 546, 552, 577, 587, 589, 594, 605, 611, 614, 642, 651, 656, 673, 679, 685, 705, 735, 741, 772, 778, 780, 784, 800, 825, 846, 850, 853, 861, 862, 875, 899, 908, 920, 922, 932, 941, 944, 945, 952, 999}
C114 = {7, 39, 51, 99, 154, 260, 408, 481, 620, 944}
C115 = {102, 141, 157, 185, 260, 266, 292, 373, 390, 449, 453, 493, 544, 545, 547, 553, 607, 621, 630, 632, 642, 727, 768, 850, 872, 902, 965, 984}
C116 = {3, 16, 36, 73, 77, 81, 82, 148, 152, 176, 197, 202, 203, 207, 223, 249, 271, 288, 297, 307, 338, 359, 365, 378, 394, 424, 426, 437, 449, 462, 469, 471, 478, 501, 504, 519, 557, 558, 584, 606, 616, 650, 674, 677, 688, 719, 730, 738, 758, 774, 801, 817, 863, 875, 876, 883, 916, 976, 978, 981, 986, 988}
C117 = {18, 119, 137, 208, 223, 237, 250, 254, 260, 299, 302, 316, 388, 391, 398, 426, 430, 437, 449, 457, 463, 464, 477, 535, 546, 553, 562, 569, 597, 601, 618, 651, 676, 688, 695, 697, 750, 814, 826, 827, 850, 868, 876, 894, 924, 928, 932, 955, 956}
C118 = {30, 177, 212, 249, 329, 453, 472, 490, 543, 570, 699, 701, 758, 761, 767, 795, 856, 929, 946, 987}
C119 = {28, 30, 33, 35, 64, 65, 80, 81, 109, 126, 135, 144, 146, 152, 170, 180, 181, 182, 196, 217, 247, 266, 276, 310, 332, 356, 385, 386, 402, 414, 420, 438, 465, 484, 500, 512, 537, 564, 579, 580, 582, 589, 643, 656, 660, 677, 719, 737, 783, 802, 834, 847, 849, 850, 865, 895, 904, 958, 960, 963, 989}
C120 = {14, 89, 381, 403, 444, 678, 686, 717, 814, 824, 851, 880}
C121 = {8, 71, 84, 125, 160, 177, 194, 223, 304, 388, 392, 405, 446, 454, 480, 565, 574, 587, 601, 650, 665, 698, 717, 718, 731, 763, 786, 789, 810, 812, 813, 817, 838, 851, 868, 895, 922, 925, 997}
C122 = {15, 20, 37, 38, 41, 59, 62, 70, 71, 83, 89, 113, 126, 132, 151, 154, 159, 161, 164, 190, 202, 203, 213, 214, 229, 242, 245, 257, 258, 259, 283, 284, 289, 290, 295, 300, 310, 311, 347, 350, 352, 353, 359, 387, 410, 430, 431, 435, 496, 502, 507, 514, 519, 526, 527, 558, 576, 583, 603, 612, 618, 648, 651, 653, 660, 662, 681, 698, 713, 718, 722, 741, 743, 747, 771, 787, 820, 829, 853, 855, 858, 861, 868, 872, 874, 876, 890, 895, 904, 922, 926, 932, 971, 975, 994}
C123 = {3, 9, 34, 35, 86, 91, 100, 105, 130, 131, 143, 146, 161, 179, 184, 189, 190, 200, 201, 239, 250, 251, 274, 276, 282, 284, 285, 302, 312, 325, 354, 385, 388, 393, 394, 405, 413, 415, 421, 426, 450, 486, 491, 504, 524, 533, 537, 556, 557, 562, 582, 584, 589, 592, 606, 613, 622, 623, 627, 639, 640, 676, 697, 702, 704, 713, 716, 721, 733, 745, 748, 749, 764, 768, 769, 775, 783, 788, 792, 811, 817, 839, 841, 842, 850, 854, 910, 917, 954, 957, 964, 970, 973, 984, 990, 998}
C124 = {18, 28, 55, 77, 83, 89, 92, 97, 103, 109, 112, 113, 129, 136, 141, 156, 159, 178, 185, 197, 200, 201, 215, 238, 248, 264, 297, 303, 328, 333, 338, 340, 367, 369, 370, 371, 381, 386, 395, 413, 414, 418, 424, 427, 432, 441, 459, 464, 472, 495, 512, 522, 559, 578, 581, 598, 617, 625, 632, 642, 668, 670, 682, 691, 714, 722, 733, 738, 746, 753, 763, 771, 781, 790, 822, 832, 834, 844, 860, 883, 886, 891, 896, 899, 909, 912, 916, 929, 932, 933, 935, 940, 944, 958, 973, 974, 984}
C125 = {10, 23, 29, 32, 43, 44, 53, 65, 86, 92, 98, 104, 110, 111, 122, 131, 145, 153, 157, 159, 175, 180, 183, 189, 226, 241, 257, 258, 302, 310, 311, 321, 325, 330, 341, 354, 368, 411, 443, 446, 455, 460, 470, 478, 487, 497, 510, 515, 531, 562, 580, 591, 617, 624, 636, 642, 656, 659, 661, 663, 681, 689, 690, 737, 742, 752, 757, 783, 785, 791, 810, 824, 827, 839, 858, 883, 900, 914, 916, 923, 931, 943, 948, 951, 959, 981, 987}
C126 = {10, 16, 42, 78, 93, 94, 120, 129, 131, 147, 157, 172, 185, 195, 223, 238, 258, 270, 271, 280, 294, 295, 301, 308, 315, 319, 321, 375, 377, 383, 384, 390, 402, 406, 414, 416, 422, 433, 441, 442, 460, 480, 487, 494, 518, 531, 566, 608, 627, 630, 640, 692, 730, 736, 743, 749, 756, 763, 771, 781, 799, 809, 823, 831, 841, 857, 862, 863, 877, 886, 892, 911, 914, 927, 938, 961, 962, 968, 974, 993, 997}
C127 = {0, 40, 41, 61, 115, 120, 132, 169, 197, 207, 238, 256, 282, 293, 367, 432, 435, 449, 460, 463, 465, 477, 525, 533, 548, 569, 589, 595, 621, 627, 685, 738, 815, 816, 845, 854, 897, 904, 909, 926, 932, 961, 974, 994}
C0 = {35, 105, 170, 174, 215, 221, 231, 232, 263, 267, 277, 307, 326, 346, 348, 441, 492, 605, 767, 792, 804, 869, 894, 956, 988}
C1 = {92, 168, 172, 274, 323, 507, 512, 574, 655, 819, 837, 839, 894, 909, 913, 918, 979}
C2 = {66, 68, 462, 587, 613, 657, 914}
C3 = {9, 12, 21, 32, 35, 62, 95, 113, 130, 140, 165, 188, 197, 208, 299, 339, 361, 378, 412, 420, 424, 507, 513, 604, 626, 629, 678, 690, 695, 701, 741, 742, 769, 789, 806, 828, 842, 941, 967, 986}
C4 = {100, 133, 143, 171, 299, 336, 356, 506, 564, 632, 752, 773, 856, 868, 885, 921}
C5 = {81, 144, 151, 421, 430, 519, 521, 622, 668, 698, 804, 808, 843, 889, 964, 966}
C6 = {11, 39, 80, 153, 193, 267, 274, 277, 291, 342, 359, 361, 372, 382, 420, 442, 607, 621, 622, 673, 816, 911, 913, 933, 988}
C7 = {4, 14, 116, 165, 204, 304, 323, 325, 353, 411, 426, 434, 506, 510, 531, 550, 720, 736, 769, 794, 795, 843, 892, 911, 967, 973}
C8 = {14, 141, 157, 233, 288, 367, 371, 446, 491, 519, 760, 773, 787, 878, 907, 992}
C9 = {76, 159, 179, 466, 486, 515, 673, 695, 736, 751, 799, 844, 907, 930, 963, 967, 993}
C10 = {25, 32, 69, 131, 151, 162, 165, 171, 187, 221, 232, 233, 234, 285, 306, 331, 418, 441, 448, 476, 480, 592, 619, 620, 624, 626, 632, 674, 678, 697, 733, 742, 743, 770, 789, 798, 817, 852, 884, 893, 894, 905, 908, 940, 948, 988, 993}
C11 = {6, 39, 48, 88, 104, 149, 159, 177, 196, 197, 223, 236, 237, 293, 298, 362, 368, 380, 463, 485, 502, 560, 618, 635, 729, 758, 775, 816, 835, 858, 866, 873, 900}
C12 = {87, 173, 645, 868, 958}
C13 = {77, 105, 111, 222, 391, 464, 481, 570, 581, 615, 707, 745, 772, 779, 978}
C14 = {11, 48, 119, 213, 215, 294, 299, 387, 398, 401, 412, 415, 417, 487, 490, 500, 502, 543, 576, 618, 624, 660, 670, 693, 705, 707, 711, 716, 725, 766, 767, 864, 877, 894, 909, 920, 938, 957, 980, 984}
C15 = {15, 19, 43, 63, 86, 133, 150, 251, 259, 314, 324, 347, 364, 372, 392, 396, 397, 437, 438, 456, 537, 569, 576, 623, 627, 629, 634, 640, 666, 670, 685, 686, 711, 732, 742, 746, 765, 782, 871, 929, 945, 953, 976, 980, 991}
C16 = {757}
C17 = {67, 93, 94, 103, 125, 167, 184, 201, 205, 242, 260, 278, 280, 289, 359, 379, 421, 450, 455, 473, 474, 520, 598, 666, 686, 688, 700, 723, 730, 738, 778, 822, 823, 893, 926, 938, 945, 958}
C18 = {13, 14, 16, 21, 23, 49, 52, 88, 111, 113, 132, 140, 147, 166, 176, 188, 244, 287, 295, 319, 324, 383, 429, 467, 502, 508, 584, 586, 615, 628, 633, 664, 666, 687, 733, 776, 801, 823, 853, 861, 883, 912, 935, 937, 963, 978}
C19 = {92, 97, 122, 160, 179, 226, 283, 314, 347, 351, 402, 469, 550, 643, 666, 697, 741, 749, 760, 786, 789, 794, 988}
C20 = {3, 24, 27, 59, 79, 87, 128, 143, 223, 349, 383, 474, 491, 502, 533, 585, 663, 664, 747, 787, 790, 805, 812, 814, 883, 923, 967}
C21 = {0, 77, 94, 132, 139, 313, 314, 317, 339, 347, 375, 388, 398, 523, 620, 625, 676, 699, 740, 755, 798, 844, 899, 928}
C22 = {15, 62, 79, 118, 137, 154, 160, 194, 205, 217, 218, 246, 329, 337, 341, 377, 417, 425, 440, 522, 540, 555, 558, 593, 600, 609, 649, 675, 745, 750, 753, 768, 772, 785, 800, 805, 819, 826, 898, 901, 943, 964, 972}
C23 = {68, 110, 171, 190, 207, 238, 240, 296, 321, 378, 400, 405, 463, 492, 518, 581, 582, 588, 680, 683, 718, 845, 872, 877}
C24 = {6, 15, 26, 28, 93, 132, 149, 225, 230, 320, 327, 330, 381, 406, 439, 468, 536, 552, 578, 584, 603, 643, 644, 671, 742, 783, 816, 821, 838, 891}
C25 = {113, 332, 540, 564, 586, 790}
C26 = {112, 133, 139, 142, 189, 253, 308, 317, 349, 371, 429, 464, 512, 516, 599, 643, 646, 660, 674, 697, 712, 747, 749}
C27 = {}
C28 = {7, 19, 36, 72, 97, 180, 333, 364, 365, 381, 392, 435, 460, 464, 492, 493, 758, 870, 927, 975}
C29 = {6, 18, 27, 46, 79, 118, 157, 199, 212, 355, 412, 417, 444, 464, 465, 496, 530, 596, 630, 659, 660, 792, 900, 970}
C30 = {280, 284, 524, 798, 869}
C31 = {7, 16, 24, 50, 67, 94, 131, 205, 240, 245, 249, 324, 342, 384, 406, 496, 514, 544, 576, 606, 623, 640, 651, 702, 712, 722, 749, 803, 844, 848, 853, 883, 894, 901, 918, 924, 969, 980, 998}
C32 = {99, 308, 318, 456, 531, 572, 862, 884, 971}
C33 = {28, 53, 59, 122, 123, 137, 140, 153, 159, 165, 177, 236, 246, 270, 296, 332, 346, 349, 357, 380, 402, 435, 516, 543, 601, 631, 636, 640, 678, 684, 688, 697, 746, 749, 756, 819, 848, 962, 972, 973, 981, 997}
C34 = {67, 212, 287, 302, 397, 676, 686, 702}
C35 = {62, 218, 258, 276, 314, 326, 420, 432, 545, 555, 633, 721, 812, 831, 930, 936, 964}
C36 = {2, 17, 33, 67, 102, 130, 192, 213, 288, 318, 356, 363, 369, 375, 379, 383, 415, 423, 426, 457, 502, 510, 533, 575, 657, 673, 762, 785, 836, 869, 958, 966}
C37 = {28, 265, 717, 866, 957}
C38 = {84, 96, 273, 369, 562, 598, 626, 660, 783, 840, 853, 866, 913}
C39 = {13, 50, 58, 73, 90, 99, 188, 203, 211, 228, 242, 245, 251, 268, 271, 377, 384, 405, 407, 441, 494, 497, 503, 513, 524, 562, 570, 584, 606, 612, 614, 647, 678, 686, 696, 719, 726, 729, 746, 805, 807, 813, 862, 892, 898, 905, 914, 943, 986, 998}
C40 = {8, 296, 332, 521, 810}
C41 = {40, 62, 85, 111, 153, 172, 215, 253, 275, 334, 357, 408, 432, 445, 472, 490, 608, 620, 638, 649, 670, 705, 710, 715, 756, 776, 798, 809, 818, 843, 903, 915, 962, 979, 988, 994}
C42 = {35, 53, 70, 82, 145, 147, 191, 292, 345, 349, 369, 373, 409, 416, 422, 424, 474, 543, 548, 574, 587, 597, 611, 669, 674, 688, 689, 712, 714, 786, 805, 813, 852, 855, 857, 908, 934, 952}
C43 = {115, 162, 190, 229, 272, 306, 379, 460, 676, 716, 731, 951}
C44 = {16, 111, 114, 125, 168, 221, 375, 397, 402, 413, 421, 584, 590, 894, 896, 905, 922, 960}
C45 = {115, 124, 135, 147, 152, 211, 221, 243, 257, 265, 305, 340, 370, 388, 478, 567, 583, 612, 668, 669, 674, 718, 739, 755, 760, 831, 844, 851, 855, 867, 941, 991}
C46 = {38, 49, 63, 64, 69, 76, 89, 91, 106, 129, 157, 234, 235, 268, 304, 308, 358, 367, 390, 393, 513, 544, 565, 587, 592, 607, 633, 638, 647, 652, 658, 684, 685, 697, 702, 713, 728, 751, 784, 788, 803, 812, 857, 865, 931, 964, 972, 974, 999}
C47 = {4, 19, 68, 74, 91, 98, 141, 143, 146, 156, 162, 227, 234, 252, 276, 277, 291, 344, 350, 358, 401, 454, 456, 502, 546, 551, 562, 610, 647, 667, 671, 679, 684, 690, 776, 801, 813, 824, 840, 849, 891, 903, 918, 924, 930, 986}
C48 = {15, 64, 72, 199, 209, 281, 356, 360, 375, 397, 398, 400, 464, 552, 559, 598, 658, 660, 677, 808, 844, 911, 912}
C49 = {17, 38, 42, 51, 75, 116, 129, 196, 202, 234, 251, 260, 322, 326, 327, 375, 387, 420, 494, 541, 563, 588, 594, 595, 617, 658, 663, 670, 674, 676, 685, 697, 723, 731, 740, 770, 776, 789, 835, 846, 879, 909, 919, 947, 949}
C50 = {41, 89, 95, 109, 136, 181, 207, 232, 235, 262, 356, 373, 387, 418, 424, 487, 506, 563, 655, 701, 714, 760, 786, 881, 900, 904, 942, 949, 976}
C51 = {53, 80, 113, 130, 140, 141, 151, 162, 196, 221, 281, 295, 296, 325, 328, 378, 397, 422, 423, 424, 436, 456, 458, 460, 531, 540, 546, 572, 578, 674, 681, 693, 705, 762, 768, 774, 841, 846, 851, 921, 938, 939, 947, 966, 975}
C52 = {32, 60, 80, 97, 116, 120, 139, 143, 149, 167, 170, 182, 235, 284, 325, 332, 341, 378, 395, 432, 456, 470, 492, 541, 567, 594, 601, 778, 787, 801, 825, 836, 841, 842, 872, 873, 881, 927, 928, 932, 933, 951, 962, 984}
C53 = {20, 46, 430, 450, 527, 531, 590, 644, 651, 653, 721, 784, 820, 919, 955, 958, 963}
C54 = {44, 81, 89, 137, 149, 182, 183, 195, 197, 207, 228, 254, 260, 264, 297, 325, 421, 458, 461, 533, 567, 609, 615, 627, 661, 672, 676, 721, 771, 783, 806, 817, 821, 841, 870, 880, 882, 912, 976, 988}
C55 = {57, 191, 213, 217, 259, 464, 471, 475, 477, 486, 496, 670, 693, 713, 722, 829, 844, 905, 972}
C56 = {30, 68, 76, 78, 80, 124, 154, 184, 189, 198, 206, 215, 227, 246, 258, 271, 281, 290, 305, 326, 327, 335, 388, 399, 422, 550, 559, 583, 596, 615, 641, 662, 696, 714, 726, 753, 755, 770, 849, 856, 878, 970}
C57 = {9, 13, 46, 55, 60, 62, 73, 107, 129, 167, 178, 179, 181, 192, 200, 219, 239, 251, 267, 299, 340, 358, 377, 382, 393, 409, 447, 520, 543, 567, 596, 619, 634, 650, 667, 689, 695, 716, 750, 762, 788, 826, 855, 875, 890, 944, 979}
C58 = {29, 37, 42, 59, 60, 132, 177, 222, 246, 313, 339, 366, 368, 381, 385, 405, 422, 447, 450, 461, 471, 472, 477, 485, 487, 493, 499, 508, 593, 594, 654, 666, 684, 691, 732, 733, 787, 816, 827, 909, 923, 924, 941, 966}
C59 = {28, 35, 64, 65, 67, 77, 115, 145, 157, 187, 229, 259, 266, 317, 350, 356, 376, 479, 491, 493, 577, 636, 640, 652, 669, 693, 720, 725, 745, 751, 767, 787, 804, 818, 825, 861, 871, 877, 880, 912, 922, 997}
C60 = {22, 40, 48, 116, 121, 127, 131, 175, 185, 199, 270, 285, 328, 354, 364, 377, 378, 386, 399, 400, 424, 438, 455, 457, 461, 476, 481, 483, 515, 546, 554, 564, 585, 611, 614, 619, 640, 641, 688, 730, 814, 830, 848, 894, 898, 903, 937, 945, 960, 974}
C61 = {128, 482, 635, 686, 788, 864, 899}
C62 = {42, 129, 158, 229, 322, 370, 535, 649, 700, 946}
C63 = {54, 80, 133, 176, 213, 278, 322, 338, 343, 346, 362, 363, 372, 460, 464, 493, 537, 586, 592, 604, 639, 709, 713, 728, 774, 800, 835, 839, 890, 930, 951, 962}
C64 = {18, 146, 255, 352, 566, 670, 776, 898, 989}
C65 = {33, 65, 131, 377, 518, 719, 900}
C66 = {12, 25, 63, 89, 134, 148, 169, 212, 250, 304, 328, 347, 398, 437, 438, 447, 496, 517, 538, 541, 547, 585, 620, 625, 627, 670, 671, 708, 718, 731, 767, 795, 856, 859, 879, 986, 998}
C67 = {15, 302, 576, 663, 781, 927}
C68 = {14, 104, 114, 146, 259, 272, 306, 320, 363, 365, 446, 456, 620, 623, 632, 644, 672, 740, 745, 754, 764, 843, 859, 868, 887, 908, 917, 931, 938, 946, 994}
C69 = {2, 79, 117, 128, 146, 156, 258, 272, 277, 287, 323, 325, 328, 347, 417, 437, 505, 558, 584, 595, 598, 640, 647, 648, 657, 676, 697, 704, 721, 751, 772, 794, 795, 871, 983, 998}
C70 = {98, 189, 648, 816, 949}
C71 = {212, 304, 305, 320, 335, 338, 417, 492, 534, 559, 592, 610, 640, 675, 678, 734, 740, 936, 997}
C72 = {170, 270, 583, 746}
C73 = {5, 41, 56, 100, 141, 165, 407, 509, 575, 642, 756, 767, 896, 964, 981}
C74 = {930}
C75 = {18, 68, 108, 129, 131, 147, 181, 188, 228, 252, 269, 299, 342, 360, 394, 421, 425, 429, 476, 478, 575, 596, 647, 655, 674, 760, 763, 765, 780, 807, 813, 821, 852, 917, 947}
C76 = {25, 98, 190, 239, 260, 326, 340, 368, 379, 390, 405, 427, 431, 451, 454, 467, 490, 591, 633, 663, 686, 688, 716, 767, 791, 811, 896, 903, 908, 952, 969, 990}
C77 = {18, 67, 80, 118, 140, 153, 181, 302, 324, 416, 421, 456, 466, 515, 529, 590, 636, 679, 683, 703, 706, 800, 801, 816, 822, 855, 860, 891, 928, 947, 972}
C78 = {173, 192, 209, 226, 301, 308, 310, 355, 481, 497, 499, 511, 704, 767, 771, 774, 916, 924, 942, 958}
C79 = {40, 58, 76, 154, 234, 255, 269, 293, 338, 346, 382, 387, 401, 404, 426, 456, 457, 471, 476, 485, 506, 524, 580, 666, 728, 738, 775, 816, 839}
C80 = {56, 159, 167, 172, 314, 325, 391, 424, 503, 684, 743, 915}
C81 = {20, 25, 64, 66, 125, 290, 299, 391, 458, 489, 490, 509, 528, 536, 780, 804, 855, 862, 877, 879, 899, 991}
C82 = {6, 11, 12, 70, 120, 125, 131, 136, 196, 212, 216, 273, 303, 325, 329, 467, 475, 495, 689, 694, 733, 742, 746, 753, 762, 810, 884, 886, 901, 905, 913, 916, 950, 969, 970}
C83 = {73, 195, 225, 384, 388, 395, 445, 543, 629, 707, 743, 851}
C84 = {0, 5, 36, 40, 88, 161, 181, 203, 204, 268, 284, 301, 302, 322, 332, 365, 374, 381, 407, 414, 453, 490, 495, 507, 521, 540, 541, 550, 567, 609, 612, 642, 646, 667, 695, 697, 742, 751, 760, 771, 773, 800, 817, 880, 890, 896, 961, 974}
C85 = {10, 50, 60, 77, 127, 146, 153, 188, 216, 243, 258, 265, 294, 310, 315, 318, 351, 365, 399, 433, 436, 526, 532, 550, 560, 596, 597, 607, 613, 629, 674, 712, 720, 722, 754, 786, 797, 812, 838, 872, 881, 890, 910, 973}
C86 = {}
C87 = {0, 20, 26, 35, 65, 68, 72, 76, 85, 98, 99, 189, 206, 210, 220, 235, 252, 341, 363, 366, 367, 384, 404, 432, 438, 471, 497, 509, 553, 562, 634, 666, 707, 726, 737, 741, 755, 791, 869, 872, 874, 876, 882, 889, 890, 924, 986, 987}
C88 = {166, 310, 607, 761, 962}
C89 = {25, 54, 70, 76, 95, 101, 110, 119, 161, 228, 250, 251, 270, 274, 285, 296, 322, 352, 370, 381, 404, 406, 438, 495, 503, 511, 548, 554, 604, 638, 657, 679, 707, 726, 735, 792, 806, 807, 818, 826, 869, 896, 898, 931, 940, 951, 973, 975, 979}
C90 = {103, 131, 182, 220, 255, 262, 313, 330, 338, 346, 483, 497, 538, 616, 855, 893, 905, 956}
C91 = {69, 73, 93, 163, 208, 221, 253, 303, 313, 354, 365, 400, 442, 444, 464, 470, 479, 537, 557, 568, 592, 599, 616, 627, 632, 647, 649, 660, 692, 700, 721, 746, 761, 781, 803, 820, 838, 845, 886, 898, 908, 941, 954, 982}
C92 = {10, 22, 28, 43, 49, 51, 82, 100, 154, 240, 361, 371, 411, 415, 423, 488, 516, 531, 536, 537, 544, 572, 604, 661, 662, 708, 716, 725, 742, 764, 808, 809, 814, 834, 855, 878, 888, 902, 918, 922, 925, 928, 964}
C93 = {2, 9, 67, 69, 76, 106, 112, 128, 130, 170, 231, 248, 256, 267, 345, 353, 398, 423, 425, 434, 516, 535, 545, 598, 655, 658, 731, 793, 858, 890, 914, 927, 949, 950}
C94 = {16, 42, 140, 159, 162, 177, 212, 232, 237, 322, 356, 374, 418, 429, 433, 446, 448, 463, 468, 472, 485, 490, 510, 525, 540, 544, 569, 578, 580, 599, 617, 682, 723, 727, 753, 756, 759, 798, 823, 870, 977, 989, 994, 998}
C95 = {113, 122, 159, 200, 250, 261, 286, 308, 413, 434, 535, 549, 565, 573, 601, 603, 649, 680, 761, 779, 826, 949, 955, 974}
C96 = {25, 83, 85, 90, 98, 103, 126, 129, 147, 164, 168, 190, 210, 244, 252, 307, 348, 375, 381, 386, 424, 459, 493, 495, 562, 581, 582, 584, 594, 608, 621, 628, 716, 721, 748, 755, 756, 772, 787, 799, 831, 868, 928, 934, 957, 975, 981}
C97 = {90, 370, 690, 813, 819, 830, 851}
C98 = {3, 4, 8, 27, 28, 62, 91, 117, 160, 168, 208, 215, 228, 237, 290, 357, 359, 363, 392, 425, 441, 455, 465, 488, 501, 509, 512, 534, 535, 551, 571, 603, 604, 676, 721, 725, 740, 742, 750, 765, 891, 950, 959, 972, 976, 977, 981, 992}
C99 = {23, 46, 60, 87, 108, 128, 167, 234, 240, 338, 397, 438, 470, 555, 617, 641, 653, 699, 819, 836, 853, 881, 882, 885, 894, 902, 906, 935, 955}
C100 = {0, 78, 96, 141, 162, 198, 206, 216, 233, 288, 338, 409, 428, 432, 453, 550, 562, 645, 647, 648, 659, 722, 726, 741, 775, 808, 815, 838, 929, 944}
C101 = {8, 39, 94, 129, 200, 235, 295, 297, 316, 356, 393, 483, 493, 571, 603, 667, 723, 815, 870, 977}
C102 = {38, 129, 152, 182, 219, 240, 251, 258, 303, 317, 323, 368, 471, 533, 539, 630, 635, 668, 704, 742, 764, 774, 872}
C103 = {186, 474, 739, 848, 901, 963}
C104 = {2, 25, 56, 111, 123, 153, 161, 208, 213, 224, 232, 239, 287, 340, 357, 371, 377, 412, 416, 427, 440, 458, 467, 475, 480, 481, 498, 536, 546, 562, 564, 655, 663, 665, 718, 741, 756, 811, 814, 818, 849, 879, 900, 954, 987, 990}
C105 = {19, 33, 56, 145, 186, 208, 234, 238, 328, 331, 339, 364, 400, 421, 428, 435, 465, 515, 529, 545, 649, 809, 839}
C106 = {10, 11, 39, 50, 85, 126, 136, 150, 155, 185, 193, 211, 232, 235, 317, 335, 347, 355, 372, 381, 384, 385, 416, 448, 468, 539, 592, 602, 614, 653, 678, 681, 683, 732, 768, 789, 808, 919, 927, 942, 962, 996, 999}
C107 = {43, 212, 215, 277, 297, 353, 361, 384, 395, 483, 490, 543, 551, 734, 838, 910, 924, 957, 960}
C108 = {85, 88, 94, 254, 293, 301, 709, 764, 809, 810, 907}
C109 = {35, 36, 38, 93, 109, 127, 142, 153, 158, 178, 183, 205, 209, 211, 223, 229, 238, 265, 314, 475, 510, 516, 560, 579, 609, 610, 640, 684, 707, 710, 745, 788, 792, 813, 866, 896, 954, 958}
C110 = {55, 134, 252, 257, 296, 317, 336, 374, 439, 481, 572, 642, 650, 700, 743, 812, 894, 940}
C111 = {30, 31, 36, 50, 65, 91, 108, 113, 118, 124, 129, 134, 147, 195, 233, 240, 266, 329, 335, 337, 358, 394, 396, 488, 505, 508, 528, 543, 556, 560, 574, 588, 590, 613, 626, 661, 664, 685, 690, 707, 723, 783, 830, 866, 879, 917, 970, 976, 980}
C112 = {22, 61, 65, 68, 79, 85, 197, 216, 315, 331, 431, 482, 499, 503, 554, 563, 564, 586, 608, 635, 636, 637, 684, 714, 734, 749, 788, 797, 800, 804, 823, 826, 864, 887, 915, 946}
C113 = {27, 28, 42, 74, 110, 118, 180, 208, 227, 232, 254, 281, 323, 347, 405, 412, 420, 470, 552, 577, 587, 594, 605, 611, 642, 656, 673, 679, 685, 735, 741, 772, 784, 800, 846, 862, 875, 941, 944, 952, 999}
C114 = {7, 154, 408, 620, 944}
C115 = {102, 141, 157, 185, 266, 292, 390, 544, 545, 547, 553, 621, 630, 768}
C116 = {3, 36, 73, 82, 148, 152, 197, 202, 297, 307, 365, 378, 437, 449, 462, 501, 504, 519, 557, 558, 677, 719, 738, 774, 863, 875, 876, 916, 978, 981, 986}
C117 = {18, 208, 250, 254, 316, 388, 391, 426, 449, 457, 463, 477, 535, 546, 553, 562, 601, 676, 697, 750, 814, 868, 894, 924}
C118 = {30, 177, 329, 490, 570, 699, 701, 761, 795, 946}
C119 = {35, 81, 182, 196, 266, 310, 332, 356, 385, 386, 438, 465, 484, 500, 512, 564, 579, 580, 656, 677, 737, 783, 847, 849, 850, 865, 904, 958, 963, 989}
C120 = {89, 381, 444, 678, 824, 880}
C121 = {125, 177, 194, 223, 304, 388, 405, 454, 480, 574, 650, 698, 731, 789, 812, 813, 838, 851, 922}
C122 = {20, 59, 70, 71, 83, 126, 151, 164, 190, 213, 229, 259, 283, 284, 289, 295, 300, 311, 347, 350, 430, 502, 507, 526, 527, 576, 583, 612, 651, 653, 662, 698, 713, 718, 722, 741, 743, 829, 858, 872, 874, 876, 890, 895, 922, 932, 994}
C123 = {3, 91, 100, 130, 143, 179, 189, 200, 201, 250, 274, 282, 285, 325, 354, 393, 413, 415, 486, 504, 524, 533, 537, 556, 562, 582, 589, 622, 704, 713, 733, 745, 748, 749, 769, 775, 783, 792, 811, 817, 842, 854, 910, 957, 964, 970, 973, 984}
C124 = {28, 77, 103, 109, 113, 156, 159, 178, 185, 197, 200, 201, 238, 297, 338, 367, 369, 381, 386, 414, 432, 459, 464, 472, 495, 578, 598, 642, 668, 670, 691, 722, 733, 763, 771, 790, 832, 834, 860, 883, 899, 909, 912, 929, 935, 940, 958, 973}
C125 = {29, 32, 43, 86, 92, 104, 111, 122, 145, 153, 157, 175, 180, 183, 189, 226, 241, 302, 310, 321, 325, 341, 411, 443, 446, 497, 531, 591, 636, 656, 681, 690, 737, 752, 757, 783, 827, 839, 916, 923, 931, 948, 959}
C126 = {93, 94, 129, 172, 195, 238, 258, 271, 294, 301, 308, 375, 390, 402, 406, 414, 422, 442, 487, 494, 627, 640, 692, 730, 743, 763, 771, 781, 809, 823, 831, 857, 862, 863, 911, 914, 961, 962, 993, 997}
C127 = {40, 41, 61, 120, 207, 256, 282, 293, 460, 477, 589, 595, 621, 627, 738, 815, 845, 854, 897, 909, 926, 994}
540 nao esta em C0
469 nao esta em C0
479 nao esta em C0
7 nao esta em C0
632 nao esta em C0
523 nao esta em C0
904 nao esta em C0
987 nao esta em C0
763 nao esta em C0
779 nao esta em C0
147 nao esta em C0
450 nao esta em C0
289 nao esta em C0
378 nao esta em C0
975 nao esta em C0
980 nao esta em C0
617 nao esta em C0
623 nao esta em C0
489 nao esta em C0
819 nao esta em C0
162 nao esta em C0
905 nao esta em C0
877 nao esta em C0
735 nao esta em C0
402 nao esta em C0
869 esta em C0
170 esta em C0
267 esta em C0
277 esta em C0
231 esta em C0
956 esta em C0
326 esta em C0
988 esta em C0
605 esta em C0
174 esta em C0
767 esta em C0
792 esta em C0
346 esta em C0
105 esta em C0
221 esta em C0
492 esta em C0
894 esta em C0
441 esta em C0
215 esta em C0
35 esta em C0
348 esta em C0
307 esta em C0
804 esta em C0
263 esta em C0
232 esta em C0
99 nao esta em C1
859 nao esta em C1
510 nao esta em C1
549 nao esta em C1
27 nao esta em C1
255 nao esta em C1
227 nao esta em C1
213 nao esta em C1
201 nao esta em C1
291 nao esta em C1
390 nao esta em C1
40 nao esta em C1
676 nao esta em C1
278 nao esta em C1
220 nao esta em C1
630 nao esta em C1
786 nao esta em C1
839 esta em C1
323 esta em C1
507 esta em C1
168 esta em C1
979 esta em C1
894 esta em C1
92 esta em C1
819 esta em C1
909 esta em C1
655 esta em C1
512 esta em C1
837 esta em C1
574 esta em C1
913 esta em C1
172 esta em C1
274 esta em C1
918 esta em C1
697 nao esta em C2
92 nao esta em C2
353 nao esta em C2
731 nao esta em C2
906 nao esta em C2
904 nao esta em C2
90 nao esta em C2
68 esta em C2
613 esta em C2
66 esta em C2
587 esta em C2
657 esta em C2
914 esta em C2
462 esta em C2
987 nao esta em C3
716 nao esta em C3
551 nao esta em C3
549 nao esta em C3
982 nao esta em C3
669 nao esta em C3
484 nao esta em C3
277 nao esta em C3
870 nao esta em C3
683 nao esta em C3
366 nao esta em C3
734 nao esta em C3
183 nao esta em C3
952 nao esta em C3
705 nao esta em C3
487 nao esta em C3
917 nao esta em C3
365 nao esta em C3
618 nao esta em C3
919 nao esta em C3
768 nao esta em C3
555 nao esta em C3
18 nao esta em C3
566 nao esta em C3
108 nao esta em C3
316 nao esta em C3
628 nao esta em C3
822 nao esta em C3
561 nao esta em C3
256 nao esta em C3
39 nao esta em C3
834 nao esta em C3
287 nao esta em C3
44 nao esta em C3
470 nao esta em C3
31 nao esta em C3
242 nao esta em C3
86 nao esta em C3
564 nao esta em C3
959 nao esta em C3
10 nao esta em C3
95 esta em C3
35 esta em C3
769 esta em C3
188 esta em C3
165 esta em C3
339 esta em C3
986 esta em C3
9 esta em C3
701 esta em C3
629 esta em C3
806 esta em C3
690 esta em C3
21 esta em C3
842 esta em C3
130 esta em C3
678 esta em C3
742 esta em C3
197 esta em C3
695 esta em C3
299 esta em C3
828 esta em C3
208 esta em C3
62 esta em C3
789 esta em C3
420 esta em C3
424 esta em C3
140 esta em C3
741 esta em C3
361 esta em C3
32 esta em C3
378 esta em C3
967 esta em C3
113 esta em C3
513 esta em C3
941 esta em C3
412 esta em C3
626 esta em C3
12 esta em C3
507 esta em C3
604 esta em C3
22 nao esta em C4
946 nao esta em C4
686 nao esta em C4
975 nao esta em C4
261 nao esta em C4
620 nao esta em C4
972 nao esta em C4
817 nao esta em C4
751 nao esta em C4
196 nao esta em C4
624 nao esta em C4
351 nao esta em C4
878 nao esta em C4
403 nao esta em C4
630 nao esta em C4
627 nao esta em C4
171 esta em C4
921 esta em C4
506 esta em C4
773 esta em C4
868 esta em C4
356 esta em C4
752 esta em C4
299 esta em C4
856 esta em C4
632 esta em C4
336 esta em C4
143 esta em C4
133 esta em C4
885 esta em C4
100 esta em C4
564 esta em C4
544 nao esta em C5
745 nao esta em C5
121 nao esta em C5
372 nao esta em C5
968 nao esta em C5
176 nao esta em C5
504 nao esta em C5
730 nao esta em C5
636 nao esta em C5
57 nao esta em C5
263 nao esta em C5
275 nao esta em C5
920 nao esta em C5
962 nao esta em C5
21 nao esta em C5
1 nao esta em C5
824 nao esta em C5
151 esta em C5
622 esta em C5
81 esta em C5
804 esta em C5
521 esta em C5
966 esta em C5
964 esta em C5
843 esta em C5
698 esta em C5
519 esta em C5
668 esta em C5
430 esta em C5
144 esta em C5
421 esta em C5
808 esta em C5
889 esta em C5
764 nao esta em C6
508 nao esta em C6
926 nao esta em C6
995 nao esta em C6
776 nao esta em C6
978 nao esta em C6
14 nao esta em C6
662 nao esta em C6
903 nao esta em C6
138 nao esta em C6
289 nao esta em C6
970 nao esta em C6
459 nao esta em C6
824 nao esta em C6
700 nao esta em C6
633 nao esta em C6
575 nao esta em C6
592 nao esta em C6
900 nao esta em C6
594 nao esta em C6
179 nao esta em C6
953 nao esta em C6
492 nao esta em C6
543 nao esta em C6
614 nao esta em C6
80 esta em C6
420 esta em C6
277 esta em C6
193 esta em C6
291 esta em C6
621 esta em C6
442 esta em C6
911 esta em C6
11 esta em C6
382 esta em C6
816 esta em C6
361 esta em C6
622 esta em C6
673 esta em C6
153 esta em C6
607 esta em C6
274 esta em C6
342 esta em C6
267 esta em C6
913 esta em C6
359 esta em C6
988 esta em C6
933 esta em C6
372 esta em C6
39 esta em C6
824 nao esta em C7
221 nao esta em C7
930 nao esta em C7
338 nao esta em C7
422 nao esta em C7
350 nao esta em C7
635 nao esta em C7
28 nao esta em C7
331 nao esta em C7
439 nao esta em C7
918 nao esta em C7
242 nao esta em C7
48 nao esta em C7
161 nao esta em C7
869 nao esta em C7
480 nao esta em C7
536 nao esta em C7
565 nao esta em C7
384 nao esta em C7
673 nao esta em C7
9 nao esta em C7
787 nao esta em C7
346 nao esta em C7
283 nao esta em C7
971 nao esta em C7
790 nao esta em C7
88 nao esta em C7
116 esta em C7
967 esta em C7
510 esta em C7
325 esta em C7
736 esta em C7
411 esta em C7
165 esta em C7
506 esta em C7
973 esta em C7
794 esta em C7
14 esta em C7
911 esta em C7
434 esta em C7
769 esta em C7
204 esta em C7
304 esta em C7
795 esta em C7
892 esta em C7
4 esta em C7
843 esta em C7
720 esta em C7
550 esta em C7
426 esta em C7
531 esta em C7
323 esta em C7
353 esta em C7
431 nao esta em C8
638 nao esta em C8
701 nao esta em C8
138 nao esta em C8
563 nao esta em C8
264 nao esta em C8
553 nao esta em C8
492 nao esta em C8
839 nao esta em C8
313 nao esta em C8
99 nao esta em C8
318 nao esta em C8
337 nao esta em C8
788 nao esta em C8
409 nao esta em C8
620 nao esta em C8
773 esta em C8
371 esta em C8
491 esta em C8
288 esta em C8
787 esta em C8
141 esta em C8
878 esta em C8
157 esta em C8
233 esta em C8
14 esta em C8
992 esta em C8
519 esta em C8
367 esta em C8
760 esta em C8
907 esta em C8
446 esta em C8
730 nao esta em C9
789 nao esta em C9
81 nao esta em C9
564 nao esta em C9
692 nao esta em C9
349 nao esta em C9
127 nao esta em C9
496 nao esta em C9
938 nao esta em C9
161 nao esta em C9
753 nao esta em C9
22 nao esta em C9
729 nao esta em C9
862 nao esta em C9
85 nao esta em C9
821 nao esta em C9
302 nao esta em C9
75 nao esta em C9
930 esta em C9
993 esta em C9
466 esta em C9
907 esta em C9
76 esta em C9
967 esta em C9
736 esta em C9
159 esta em C9
179 esta em C9
695 esta em C9
673 esta em C9
844 esta em C9
486 esta em C9
515 esta em C9
963 esta em C9
751 esta em C9
799 esta em C9
368 nao esta em C10
779 nao esta em C10
209 nao esta em C10
660 nao esta em C10
280 nao esta em C10
549 nao esta em C10
949 nao esta em C10
144 nao esta em C10
914 nao esta em C10
615 nao esta em C10
799 nao esta em C10
621 nao esta em C10
950 nao esta em C10
875 nao esta em C10
675 nao esta em C10
896 nao esta em C10
844 nao esta em C10
314 nao esta em C10
88 nao esta em C10
735 nao esta em C10
372 nao esta em C10
501 nao esta em C10
449 nao esta em C10
311 nao esta em C10
450 nao esta em C10
653 nao esta em C10
970 nao esta em C10
663 nao esta em C10
462 nao esta em C10
191 nao esta em C10
519 nao esta em C10
943 nao esta em C10
486 nao esta em C10
148 nao esta em C10
731 nao esta em C10
437 nao esta em C10
317 nao esta em C10
785 nao esta em C10
646 nao esta em C10
282 nao esta em C10
111 nao esta em C10
550 nao esta em C10
664 nao esta em C10
919 nao esta em C10
629 nao esta em C10
995 nao esta em C10
94 nao esta em C10
165 esta em C10
817 esta em C10
624 esta em C10
674 esta em C10
789 esta em C10
852 esta em C10
476 esta em C10
285 esta em C10
131 esta em C10
940 esta em C10
893 esta em C10
894 esta em C10
993 esta em C10
331 esta em C10
234 esta em C10
620 esta em C10
448 esta em C10
798 esta em C10
770 esta em C10
988 esta em C10
441 esta em C10
221 esta em C10
697 esta em C10
948 esta em C10
306 esta em C10
678 esta em C10
233 esta em C10
187 esta em C10
742 esta em C10
151 esta em C10
884 esta em C10
733 esta em C10
418 esta em C10
32 esta em C10
171 esta em C10
619 esta em C10
743 esta em C10
905 esta em C10
232 esta em C10
162 esta em C10
908 esta em C10
480 esta em C10
592 esta em C10
69 esta em C10
25 esta em C10
632 esta em C10
626 esta em C10
396 nao esta em C11
280 nao esta em C11
273 nao esta em C11
991 nao esta em C11
91 nao esta em C11
530 nao esta em C11
9 nao esta em C11
122 nao esta em C11
413 nao esta em C11
407 nao esta em C11
165 nao esta em C11
549 nao esta em C11
50 nao esta em C11
725 nao esta em C11
525 nao esta em C11
10 nao esta em C11
718 nao esta em C11
349 nao esta em C11
14 nao esta em C11
709 nao esta em C11
17 nao esta em C11
861 nao esta em C11
543 nao esta em C11
773 nao esta em C11
927 nao esta em C11
880 nao esta em C11
720 nao esta em C11
163 nao esta em C11
653 nao esta em C11
257 nao esta em C11
713 nao esta em C11
415 nao esta em C11
208 nao esta em C11
149 esta em C11
635 esta em C11
729 esta em C11
835 esta em C11
463 esta em C11
368 esta em C11
104 esta em C11
380 esta em C11
88 esta em C11
775 esta em C11
816 esta em C11
6 esta em C11
560 esta em C11
39 esta em C11
159 esta em C11
293 esta em C11
758 esta em C11
900 esta em C11
48 esta em C11
873 esta em C11
618 esta em C11
237 esta em C11
858 esta em C11
298 esta em C11
362 esta em C11
236 esta em C11
502 esta em C11
866 esta em C11
177 esta em C11
485 esta em C11
223 esta em C11
196 esta em C11
197 esta em C11
734 nao esta em C12
987 nao esta em C12
634 nao esta em C12
275 nao esta em C12
610 nao esta em C12
87 esta em C12
958 esta em C12
173 esta em C12
868 esta em C12
645 esta em C12
996 nao esta em C13
142 nao esta em C13
656 nao esta em C13
62 nao esta em C13
405 nao esta em C13
499 nao esta em C13
296 nao esta em C13
636 nao esta em C13
513 nao esta em C13
739 nao esta em C13
123 nao esta em C13
37 nao esta em C13
303 nao esta em C13
401 nao esta em C13
338 nao esta em C13
464 esta em C13
570 esta em C13
481 esta em C13
615 esta em C13
707 esta em C13
581 esta em C13
105 esta em C13
222 esta em C13
77 esta em C13
745 esta em C13
111 esta em C13
978 esta em C13
772 esta em C13
779 esta em C13
391 esta em C13
67 nao esta em C14
654 nao esta em C14
833 nao esta em C14
204 nao esta em C14
73 nao esta em C14
611 nao esta em C14
74 nao esta em C14
315 nao esta em C14
713 nao esta em C14
510 nao esta em C14
601 nao esta em C14
709 nao esta em C14
93 nao esta em C14
643 nao esta em C14
923 nao esta em C14
787 nao esta em C14
404 nao esta em C14
638 nao esta em C14
828 nao esta em C14
432 nao esta em C14
324 nao esta em C14
18 nao esta em C14
145 nao esta em C14
306 nao esta em C14
146 nao esta em C14
155 nao esta em C14
159 nao esta em C14
182 nao esta em C14
646 nao esta em C14
662 nao esta em C14
221 nao esta em C14
584 nao esta em C14
169 nao esta em C14
594 nao esta em C14
348 nao esta em C14
388 nao esta em C14
519 nao esta em C14
207 nao esta em C14
158 nao esta em C14
544 nao esta em C14
215 esta em C14
487 esta em C14
48 esta em C14
670 esta em C14
412 esta em C14
707 esta em C14
11 esta em C14
767 esta em C14
980 esta em C14
624 esta em C14
119 esta em C14
213 esta em C14
401 esta em C14
711 esta em C14
957 esta em C14
693 esta em C14
502 esta em C14
766 esta em C14
920 esta em C14
660 esta em C14
725 esta em C14
294 esta em C14
716 esta em C14
398 esta em C14
490 esta em C14
909 esta em C14
705 esta em C14
864 esta em C14
894 esta em C14
387 esta em C14
500 esta em C14
299 esta em C14
415 esta em C14
984 esta em C14
417 esta em C14
877 esta em C14
576 esta em C14
543 esta em C14
618 esta em C14
938 esta em C14
264 nao esta em C15
336 nao esta em C15
524 nao esta em C15
858 nao esta em C15
494 nao esta em C15
195 nao esta em C15
297 nao esta em C15
641 nao esta em C15
830 nao esta em C15
305 nao esta em C15
997 nao esta em C15
636 nao esta em C15
382 nao esta em C15
643 nao esta em C15
520 nao esta em C15
776 nao esta em C15
906 nao esta em C15
773 nao esta em C15
68 nao esta em C15
470 nao esta em C15
178 nao esta em C15
867 nao esta em C15
779 nao esta em C15
737 nao esta em C15
964 nao esta em C15
864 nao esta em C15
262 nao esta em C15
360 nao esta em C15
75 nao esta em C15
174 nao esta em C15
780 nao esta em C15
534 nao esta em C15
918 nao esta em C15
998 nao esta em C15
979 nao esta em C15
710 nao esta em C15
702 nao esta em C15
385 nao esta em C15
355 nao esta em C15
186 nao esta em C15
29 nao esta em C15
268 nao esta em C15
890 nao esta em C15
792 nao esta em C15
97 nao esta em C15
436 nao esta em C15
953 esta em C15
686 esta em C15
364 esta em C15
314 esta em C15
945 esta em C15
19 esta em C15
456 esta em C15
397 esta em C15
627 esta em C15
63 esta em C15
133 esta em C15
324 esta em C15
629 esta em C15
666 esta em C15
623 esta em C15
670 esta em C15
640 esta em C15
782 esta em C15
765 esta em C15
43 esta em C15
86 esta em C15
396 esta em C15
634 esta em C15
150 esta em C15
711 esta em C15
742 esta em C15
569 esta em C15
732 esta em C15
685 esta em C15
259 esta em C15
438 esta em C15
537 esta em C15
991 esta em C15
929 esta em C15
980 esta em C15
392 esta em C15
976 esta em C15
347 esta em C15
251 esta em C15
746 esta em C15
576 esta em C15
437 esta em C15
871 esta em C15
372 esta em C15
15 esta em C15
986 nao esta em C16
757 esta em C16
994 nao esta em C17
189 nao esta em C17
590 nao esta em C17
451 nao esta em C17
408 nao esta em C17
628 nao esta em C17
497 nao esta em C17
629 nao esta em C17
951 nao esta em C17
928 nao esta em C17
385 nao esta em C17
324 nao esta em C17
233 nao esta em C17
880 nao esta em C17
717 nao esta em C17
503 nao esta em C17
679 nao esta em C17
284 nao esta em C17
616 nao esta em C17
53 nao esta em C17
664 nao esta em C17
484 nao esta em C17
203 nao esta em C17
608 nao esta em C17
258 nao esta em C17
252 nao esta em C17
444 nao esta em C17
510 nao esta em C17
572 nao esta em C17
490 nao esta em C17
112 nao esta em C17
235 nao esta em C17
144 nao esta em C17
210 nao esta em C17
52 nao esta em C17
832 nao esta em C17
888 nao esta em C17
368 nao esta em C17
700 esta em C17
730 esta em C17
205 esta em C17
289 esta em C17
167 esta em C17
278 esta em C17
723 esta em C17
473 esta em C17
94 esta em C17
67 esta em C17
359 esta em C17
520 esta em C17
738 esta em C17
184 esta em C17
379 esta em C17
822 esta em C17
450 esta em C17
778 esta em C17
823 esta em C17
945 esta em C17
201 esta em C17
474 esta em C17
455 esta em C17
686 esta em C17
125 esta em C17
242 esta em C17
280 esta em C17
421 esta em C17
598 esta em C17
103 esta em C17
666 esta em C17
926 esta em C17
938 esta em C17
688 esta em C17
93 esta em C17
260 esta em C17
893 esta em C17
958 esta em C17
670 nao esta em C18
956 nao esta em C18
83 nao esta em C18
512 nao esta em C18
367 nao esta em C18
685 nao esta em C18
484 nao esta em C18
475 nao esta em C18
267 nao esta em C18
102 nao esta em C18
80 nao esta em C18
91 nao esta em C18
241 nao esta em C18
425 nao esta em C18
800 nao esta em C18
844 nao esta em C18
932 nao esta em C18
273 nao esta em C18
33 nao esta em C18
232 nao esta em C18
354 nao esta em C18
688 nao esta em C18
65 nao esta em C18
348 nao esta em C18
387 nao esta em C18
327 nao esta em C18
557 nao esta em C18
818 nao esta em C18
212 nao esta em C18
376 nao esta em C18
263 nao esta em C18
120 nao esta em C18
39 nao esta em C18
458 nao esta em C18
443 nao esta em C18
532 nao esta em C18
811 nao esta em C18
570 nao esta em C18
3 nao esta em C18
471 nao esta em C18
972 nao esta em C18
445 nao esta em C18
571 nao esta em C18
304 nao esta em C18
242 nao esta em C18
996 nao esta em C18
978 esta em C18
823 esta em C18
666 esta em C18
324 esta em C18
935 esta em C18
883 esta em C18
584 esta em C18
467 esta em C18
140 esta em C18
88 esta em C18
111 esta em C18
244 esta em C18
166 esta em C18
319 esta em C18
16 esta em C18
13 esta em C18
132 esta em C18
801 esta em C18
21 esta em C18
861 esta em C18
188 esta em C18
49 esta em C18
586 esta em C18
628 esta em C18
733 esta em C18
295 esta em C18
502 esta em C18
113 esta em C18
14 esta em C18
912 esta em C18
853 esta em C18
633 esta em C18
23 esta em C18
429 esta em C18
147 esta em C18
937 esta em C18
776 esta em C18
508 esta em C18
615 esta em C18
687 esta em C18
287 esta em C18
963 esta em C18
383 esta em C18
52 esta em C18
176 esta em C18
664 esta em C18
364 nao esta em C19
963 nao esta em C19
368 nao esta em C19
808 nao esta em C19
291 nao esta em C19
248 nao esta em C19
979 nao esta em C19
187 nao esta em C19
542 nao esta em C19
537 nao esta em C19
101 nao esta em C19
406 nao esta em C19
337 nao esta em C19
869 nao esta em C19
19 nao esta em C19
517 nao esta em C19
444 nao esta em C19
528 nao esta em C19
764 nao esta em C19
730 nao esta em C19
257 nao esta em C19
851 nao esta em C19
231 nao esta em C19
913 nao esta em C19
469 esta em C19
666 esta em C19
347 esta em C19
283 esta em C19
697 esta em C19
760 esta em C19
988 esta em C19
749 esta em C19
789 esta em C19
314 esta em C19
402 esta em C19
741 esta em C19
226 esta em C19
550 esta em C19
351 esta em C19
122 esta em C19
97 esta em C19
179 esta em C19
643 esta em C19
92 esta em C19
786 esta em C19
160 esta em C19
794 esta em C19
72 nao esta em C20
904 nao esta em C20
981 nao esta em C20
345 nao esta em C20
928 nao esta em C20
146 nao esta em C20
863 nao esta em C20
141 nao esta em C20
69 nao esta em C20
250 nao esta em C20
51 nao esta em C20
800 nao esta em C20
131 nao esta em C20
200 nao esta em C20
236 nao esta em C20
915 nao esta em C20
510 nao esta em C20
827 nao esta em C20
94 nao esta em C20
487 nao esta em C20
749 nao esta em C20
222 nao esta em C20
992 nao esta em C20
729 nao esta em C20
338 nao esta em C20
641 nao esta em C20
64 nao esta em C20
215 nao esta em C20
747 esta em C20
27 esta em C20
533 esta em C20
87 esta em C20
663 esta em C20
787 esta em C20
59 esta em C20
883 esta em C20
223 esta em C20
805 esta em C20
585 esta em C20
79 esta em C20
128 esta em C20
664 esta em C20
814 esta em C20
502 esta em C20
3 esta em C20
24 esta em C20
923 esta em C20
349 esta em C20
143 esta em C20
967 esta em C20
474 esta em C20
812 esta em C20
383 esta em C20
491 esta em C20
790 esta em C20
690 nao esta em C21
549 nao esta em C21
567 nao esta em C21
83 nao esta em C21
998 nao esta em C21
564 nao esta em C21
140 nao esta em C21
197 nao esta em C21
759 nao esta em C21
231 nao esta em C21
887 nao esta em C21
847 nao esta em C21
406 nao esta em C21
238 nao esta em C21
768 nao esta em C21
484 nao esta em C21
163 nao esta em C21
76 nao esta em C21
818 nao esta em C21
970 nao esta em C21
214 nao esta em C21
177 nao esta em C21
530 nao esta em C21
416 nao esta em C21
827 nao esta em C21
132 esta em C21
77 esta em C21
314 esta em C21
317 esta em C21
699 esta em C21
313 esta em C21
398 esta em C21
375 esta em C21
339 esta em C21
347 esta em C21
139 esta em C21
0 esta em C21
94 esta em C21
844 esta em C21
755 esta em C21
928 esta em C21
523 esta em C21
676 esta em C21
620 esta em C21
899 esta em C21
388 esta em C21
798 esta em C21
740 esta em C21
625 esta em C21
791 nao esta em C22
34 nao esta em C22
702 nao esta em C22
21 nao esta em C22
102 nao esta em C22
904 nao esta em C22
167 nao esta em C22
726 nao esta em C22
560 nao esta em C22
42 nao esta em C22
36 nao esta em C22
275 nao esta em C22
151 nao esta em C22
794 nao esta em C22
940 nao esta em C22
391 nao esta em C22
302 nao esta em C22
438 nao esta em C22
966 nao esta em C22
23 nao esta em C22
482 nao esta em C22
917 nao esta em C22
632 nao esta em C22
428 nao esta em C22
32 nao esta em C22
419 nao esta em C22
647 nao esta em C22
224 nao esta em C22
879 nao esta em C22
271 nao esta em C22
52 nao esta em C22
549 nao esta em C22
347 nao esta em C22
929 nao esta em C22
564 nao esta em C22
724 nao esta em C22
163 nao esta em C22
963 nao esta em C22
642 nao esta em C22
621 nao esta em C22
7 nao esta em C22
725 nao esta em C22
561 nao esta em C22
522 esta em C22
440 esta em C22
160 esta em C22
785 esta em C22
964 esta em C22
901 esta em C22
898 esta em C22
540 esta em C22
329 esta em C22
600 esta em C22
675 esta em C22
218 esta em C22
826 esta em C22
79 esta em C22
753 esta em C22
417 esta em C22
118 esta em C22
137 esta em C22
15 esta em C22
217 esta em C22
819 esta em C22
745 esta em C22
772 esta em C22
750 esta em C22
593 esta em C22
555 esta em C22
246 esta em C22
341 esta em C22
205 esta em C22
800 esta em C22
337 esta em C22
62 esta em C22
649 esta em C22
558 esta em C22
768 esta em C22
425 esta em C22
154 esta em C22
943 esta em C22
972 esta em C22
609 esta em C22
377 esta em C22
194 esta em C22
805 esta em C22
93 nao esta em C23
924 nao esta em C23
45 nao esta em C23
890 nao esta em C23
715 nao esta em C23
262 nao esta em C23
9 nao esta em C23
768 nao esta em C23
440 nao esta em C23
881 nao esta em C23
17 nao esta em C23
860 nao esta em C23
735 nao esta em C23
274 nao esta em C23
688 nao esta em C23
828 nao esta em C23
897 nao esta em C23
392 nao esta em C23
716 nao esta em C23
675 nao esta em C23
774 nao esta em C23
250 nao esta em C23
830 nao esta em C23
41 nao esta em C23
845 esta em C23
581 esta em C23
321 esta em C23
680 esta em C23
683 esta em C23
378 esta em C23
877 esta em C23
190 esta em C23
518 esta em C23
718 esta em C23
240 esta em C23
405 esta em C23
110 esta em C23
582 esta em C23
171 esta em C23
238 esta em C23
588 esta em C23
207 esta em C23
68 esta em C23
872 esta em C23
463 esta em C23
296 esta em C23
492 esta em C23
400 esta em C23
981 nao esta em C24
103 nao esta em C24
831 nao esta em C24
125 nao esta em C24
967 nao esta em C24
827 nao esta em C24
2 nao esta em C24
553 nao esta em C24
563 nao esta em C24
555 nao esta em C24
301 nao esta em C24
906 nao esta em C24
498 nao esta em C24
392 nao esta em C24
357 nao esta em C24
156 nao esta em C24
759 nao esta em C24
798 nao esta em C24
672 nao esta em C24
394 nao esta em C24
675 nao esta em C24
515 nao esta em C24
703 nao esta em C24
21 nao esta em C24
546 nao esta em C24
770 nao esta em C24
632 nao esta em C24
3 nao esta em C24
806 nao esta em C24
631 nao esta em C24
529 nao esta em C24
578 esta em C24
93 esta em C24
320 esta em C24
838 esta em C24
132 esta em C24
327 esta em C24
603 esta em C24
671 esta em C24
468 esta em C24
891 esta em C24
406 esta em C24
15 esta em C24
225 esta em C24
6 esta em C24
644 esta em C24
28 esta em C24
584 esta em C24
26 esta em C24
149 esta em C24
439 esta em C24
330 esta em C24
381 esta em C24
821 esta em C24
643 esta em C24
552 esta em C24
783 esta em C24
230 esta em C24
742 esta em C24
536 esta em C24
816 esta em C24
557 nao esta em C25
652 nao esta em C25
592 nao esta em C25
864 nao esta em C25
689 nao esta em C25
51 nao esta em C25
939 nao esta em C25
540 esta em C25
586 esta em C25
564 esta em C25
113 esta em C25
332 esta em C25
790 esta em C25
370 nao esta em C26
486 nao esta em C26
283 nao esta em C26
214 nao esta em C26
450 nao esta em C26
738 nao esta em C26
577 nao esta em C26
935 nao esta em C26
233 nao esta em C26
438 nao esta em C26
532 nao esta em C26
768 nao esta em C26
526 nao esta em C26
268 nao esta em C26
619 nao esta em C26
980 nao esta em C26
248 nao esta em C26
836 nao esta em C26
422 nao esta em C26
789 nao esta em C26
601 nao esta em C26
928 nao esta em C26
972 nao esta em C26
839 nao esta em C26
512 esta em C26
139 esta em C26
712 esta em C26
747 esta em C26
253 esta em C26
660 esta em C26
317 esta em C26
697 esta em C26
189 esta em C26
371 esta em C26
464 esta em C26
516 esta em C26
674 esta em C26
112 esta em C26
749 esta em C26
308 esta em C26
429 esta em C26
643 esta em C26
599 esta em C26
349 esta em C26
646 esta em C26
133 esta em C26
142 esta em C26
427 nao esta em C27
6 nao esta em C28
928 nao esta em C28
436 nao esta em C28
823 nao esta em C28
661 nao esta em C28
884 nao esta em C28
890 nao esta em C28
426 nao esta em C28
940 nao esta em C28
166 nao esta em C28
968 nao esta em C28
89 nao esta em C28
997 nao esta em C28
506 nao esta em C28
414 nao esta em C28
232 nao esta em C28
699 nao esta em C28
880 nao esta em C28
423 nao esta em C28
352 nao esta em C28
365 esta em C28
36 esta em C28
975 esta em C28
493 esta em C28
7 esta em C28
97 esta em C28
464 esta em C28
381 esta em C28
180 esta em C28
870 esta em C28
492 esta em C28
435 esta em C28
72 esta em C28
333 esta em C28
364 esta em C28
927 esta em C28
19 esta em C28
758 esta em C28
392 esta em C28
460 esta em C28
949 nao esta em C29
123 nao esta em C29
546 nao esta em C29
986 nao esta em C29
566 nao esta em C29
486 nao esta em C29
698 nao esta em C29
257 nao esta em C29
254 nao esta em C29
520 nao esta em C29
42 nao esta em C29
88 nao esta em C29
388 nao esta em C29
187 nao esta em C29
54 nao esta em C29
260 nao esta em C29
741 nao esta em C29
579 nao esta em C29
661 nao esta em C29
757 nao esta em C29
266 nao esta em C29
473 nao esta em C29
45 nao esta em C29
724 nao esta em C29
157 esta em C29
630 esta em C29
46 esta em C29
118 esta em C29
355 esta em C29
79 esta em C29
417 esta em C29
792 esta em C29
660 esta em C29
18 esta em C29
900 esta em C29
412 esta em C29
596 esta em C29
464 esta em C29
465 esta em C29
970 esta em C29
199 esta em C29
659 esta em C29
6 esta em C29
530 esta em C29
212 esta em C29
444 esta em C29
496 esta em C29
27 esta em C29
736 nao esta em C30
946 nao esta em C30
960 nao esta em C30
941 nao esta em C30
382 nao esta em C30
280 esta em C30
869 esta em C30
284 esta em C30
798 esta em C30
524 esta em C30
590 nao esta em C31
840 nao esta em C31
708 nao esta em C31
206 nao esta em C31
695 nao esta em C31
184 nao esta em C31
273 nao esta em C31
530 nao esta em C31
598 nao esta em C31
281 nao esta em C31
560 nao esta em C31
259 nao esta em C31
416 nao esta em C31
728 nao esta em C31
660 nao esta em C31
701 nao esta em C31
13 nao esta em C31
744 nao esta em C31
888 nao esta em C31
368 nao esta em C31
49 nao esta em C31
934 nao esta em C31
234 nao esta em C31
636 nao esta em C31
327 nao esta em C31
172 nao esta em C31
845 nao esta em C31
483 nao esta em C31
546 nao esta em C31
804 nao esta em C31
656 nao esta em C31
418 nao esta em C31
703 nao esta em C31
960 nao esta em C31
40 nao esta em C31
877 nao esta em C31
885 nao esta em C31
235 nao esta em C31
285 nao esta em C31
547 nao esta em C31
640 esta em C31
496 esta em C31
50 esta em C31
722 esta em C31
406 esta em C31
16 esta em C31
7 esta em C31
848 esta em C31
883 esta em C31
712 esta em C31
544 esta em C31
844 esta em C31
342 esta em C31
514 esta em C31
853 esta em C31
576 esta em C31
623 esta em C31
651 esta em C31
249 esta em C31
205 esta em C31
606 esta em C31
969 esta em C31
384 esta em C31
245 esta em C31
918 esta em C31
24 esta em C31
901 esta em C31
749 esta em C31
980 esta em C31
803 esta em C31
894 esta em C31
94 esta em C31
998 esta em C31
324 esta em C31
131 esta em C31
240 esta em C31
67 esta em C31
702 esta em C31
924 esta em C31
491 nao esta em C32
791 nao esta em C32
11 nao esta em C32
782 nao esta em C32
975 nao esta em C32
852 nao esta em C32
993 nao esta em C32
984 nao esta em C32
441 nao esta em C32
971 esta em C32
99 esta em C32
531 esta em C32
572 esta em C32
318 esta em C32
308 esta em C32
884 esta em C32
456 esta em C32
862 esta em C32
790 nao esta em C33
141 nao esta em C33
306 nao esta em C33
531 nao esta em C33
278 nao esta em C33
201 nao esta em C33
460 nao esta em C33
490 nao esta em C33
878 nao esta em C33
891 nao esta em C33
473 nao esta em C33
500 nao esta em C33
888 nao esta em C33
685 nao esta em C33
104 nao esta em C33
710 nao esta em C33
318 nao esta em C33
886 nao esta em C33
786 nao esta em C33
505 nao esta em C33
857 nao esta em C33
646 nao esta em C33
522 nao esta em C33
416 nao esta em C33
815 nao esta em C33
113 nao esta em C33
12 nao esta em C33
719 nao esta em C33
43 nao esta em C33
789 nao esta em C33
20 nao esta em C33
65 nao esta em C33
48 nao esta em C33
9 nao esta em C33
630 nao esta em C33
672 nao esta em C33
247 nao esta em C33
309 nao esta em C33
213 nao esta em C33
497 nao esta em C33
325 nao esta em C33
38 nao esta em C33
160 nao esta em C33
246 esta em C33
973 esta em C33
756 esta em C33
981 esta em C33
270 esta em C33
137 esta em C33
543 esta em C33
516 esta em C33
346 esta em C33
153 esta em C33
349 esta em C33
402 esta em C33
697 esta em C33
435 esta em C33
749 esta em C33
972 esta em C33
236 esta em C33
601 esta em C33
688 esta em C33
678 esta em C33
177 esta em C33
684 esta em C33
640 esta em C33
631 esta em C33
357 esta em C33
997 esta em C33
746 esta em C33
53 esta em C33
123 esta em C33
636 esta em C33
962 esta em C33
819 esta em C33
122 esta em C33
140 esta em C33
28 esta em C33
332 esta em C33
59 esta em C33
159 esta em C33
165 esta em C33
848 esta em C33
296 esta em C33
380 esta em C33
46 nao esta em C34
800 nao esta em C34
276 nao esta em C34
107 nao esta em C34
128 nao esta em C34
785 nao esta em C34
510 nao esta em C34
364 nao esta em C34
302 esta em C34
686 esta em C34
212 esta em C34
287 esta em C34
67 esta em C34
397 esta em C34
702 esta em C34
676 esta em C34
586 nao esta em C35
786 nao esta em C35
946 nao esta em C35
290 nao esta em C35
539 nao esta em C35
850 nao esta em C35
99 nao esta em C35
153 nao esta em C35
42 nao esta em C35
978 nao esta em C35
162 nao esta em C35
181 nao esta em C35
913 nao esta em C35
494 nao esta em C35
399 nao esta em C35
643 nao esta em C35
774 nao esta em C35
276 esta em C35
930 esta em C35
420 esta em C35
258 esta em C35
721 esta em C35
326 esta em C35
218 esta em C35
633 esta em C35
812 esta em C35
432 esta em C35
314 esta em C35
831 esta em C35
555 esta em C35
62 esta em C35
964 esta em C35
545 esta em C35
936 esta em C35
235 nao esta em C36
373 nao esta em C36
290 nao esta em C36
150 nao esta em C36
768 nao esta em C36
479 nao esta em C36
310 nao esta em C36
772 nao esta em C36
517 nao esta em C36
877 nao esta em C36
714 nao esta em C36
562 nao esta em C36
500 nao esta em C36
603 nao esta em C36
29 nao esta em C36
984 nao esta em C36
757 nao esta em C36
856 nao esta em C36
672 nao esta em C36
433 nao esta em C36
565 nao esta em C36
7 nao esta em C36
798 nao esta em C36
489 nao esta em C36
55 nao esta em C36
538 nao esta em C36
162 nao esta em C36
906 nao esta em C36
341 nao esta em C36
483 nao esta em C36
537 nao esta em C36
262 nao esta em C36
966 esta em C36
363 esta em C36
502 esta em C36
673 esta em C36
33 esta em C36
785 esta em C36
17 esta em C36
575 esta em C36
383 esta em C36
130 esta em C36
102 esta em C36
657 esta em C36
836 esta em C36
213 esta em C36
2 esta em C36
369 esta em C36
423 esta em C36
510 esta em C36
375 esta em C36
415 esta em C36
457 esta em C36
288 esta em C36
318 esta em C36
762 esta em C36
533 esta em C36
192 esta em C36
426 esta em C36
379 esta em C36
869 esta em C36
67 esta em C36
356 esta em C36
958 esta em C36
698 nao esta em C37
757 nao esta em C37
310 nao esta em C37
75 nao esta em C37
54 nao esta em C37
957 esta em C37
28 esta em C37
265 esta em C37
717 esta em C37
866 esta em C37
644 nao esta em C38
298 nao esta em C38
917 nao esta em C38
639 nao esta em C38
937 nao esta em C38
587 nao esta em C38
726 nao esta em C38
407 nao esta em C38
580 nao esta em C38
97 nao esta em C38
128 nao esta em C38
101 nao esta em C38
609 nao esta em C38
626 esta em C38
853 esta em C38
866 esta em C38
840 esta em C38
273 esta em C38
598 esta em C38
783 esta em C38
369 esta em C38
660 esta em C38
562 esta em C38
84 esta em C38
96 esta em C38
913 esta em C38
321 nao esta em C39
861 nao esta em C39
248 nao esta em C39
507 nao esta em C39
994 nao esta em C39
637 nao esta em C39
674 nao esta em C39
652 nao esta em C39
618 nao esta em C39
104 nao esta em C39
999 nao esta em C39
16 nao esta em C39
314 nao esta em C39
266 nao esta em C39
533 nao esta em C39
554 nao esta em C39
204 nao esta em C39
232 nao esta em C39
952 nao esta em C39
987 nao esta em C39
845 nao esta em C39
472 nao esta em C39
666 nao esta em C39
390 nao esta em C39
116 nao esta em C39
523 nao esta em C39
74 nao esta em C39
931 nao esta em C39
423 nao esta em C39
971 nao esta em C39
88 nao esta em C39
859 nao esta em C39
923 nao esta em C39
11 nao esta em C39
484 nao esta em C39
466 nao esta em C39
25 nao esta em C39
152 nao esta em C39
43 nao esta em C39
710 nao esta em C39
504 nao esta em C39
597 nao esta em C39
468 nao esta em C39
745 nao esta em C39
348 nao esta em C39
875 nao esta em C39
23 nao esta em C39
4 nao esta em C39
689 nao esta em C39
757 nao esta em C39
58 esta em C39
807 esta em C39
73 esta em C39
203 esta em C39
892 esta em C39
188 esta em C39
584 esta em C39
513 esta em C39
524 esta em C39
562 esta em C39
914 esta em C39
99 esta em C39
686 esta em C39
271 esta em C39
998 esta em C39
678 esta em C39
242 esta em C39
377 esta em C39
606 esta em C39
696 esta em C39
405 esta em C39
898 esta em C39
384 esta em C39
570 esta em C39
441 esta em C39
407 esta em C39
90 esta em C39
612 esta em C39
614 esta em C39
497 esta em C39
813 esta em C39
719 esta em C39
13 esta em C39
503 esta em C39
647 esta em C39
729 esta em C39
862 esta em C39
251 esta em C39
746 esta em C39
805 esta em C39
494 esta em C39
228 esta em C39
245 esta em C39
268 esta em C39
905 esta em C39
726 esta em C39
211 esta em C39
943 esta em C39
986 esta em C39
50 esta em C39
375 nao esta em C40
312 nao esta em C40
217 nao esta em C40
338 nao esta em C40
859 nao esta em C40
332 esta em C40
296 esta em C40
521 esta em C40
8 esta em C40
810 esta em C40
362 nao esta em C41
128 nao esta em C41
893 nao esta em C41
745 nao esta em C41
834 nao esta em C41
633 nao esta em C41
985 nao esta em C41
529 nao esta em C41
656 nao esta em C41
382 nao esta em C41
682 nao esta em C41
395 nao esta em C41
141 nao esta em C41
822 nao esta em C41
747 nao esta em C41
888 nao esta em C41
143 nao esta em C41
544 nao esta em C41
665 nao esta em C41
402 nao esta em C41
135 nao esta em C41
442 nao esta em C41
212 nao esta em C41
503 nao esta em C41
563 nao esta em C41
335 nao esta em C41
46 nao esta em C41
727 nao esta em C41
26 nao esta em C41
429 nao esta em C41
365 nao esta em C41
623 nao esta em C41
467 nao esta em C41
831 nao esta em C41
890 nao esta em C41
307 nao esta em C41
757 nao esta em C41
818 esta em C41
253 esta em C41
357 esta em C41
798 esta em C41
988 esta em C41
620 esta em C41
215 esta em C41
843 esta em C41
334 esta em C41
172 esta em C41
638 esta em C41
705 esta em C41
408 esta em C41
915 esta em C41
979 esta em C41
62 esta em C41
608 esta em C41
903 esta em C41
85 esta em C41
153 esta em C41
111 esta em C41
40 esta em C41
649 esta em C41
994 esta em C41
756 esta em C41
670 esta em C41
275 esta em C41
472 esta em C41
809 esta em C41
710 esta em C41
432 esta em C41
962 esta em C41
445 esta em C41
776 esta em C41
490 esta em C41
715 esta em C41
52 nao esta em C42
323 nao esta em C42
526 nao esta em C42
622 nao esta em C42
668 nao esta em C42
681 nao esta em C42
774 nao esta em C42
554 nao esta em C42
699 nao esta em C42
267 nao esta em C42
993 nao esta em C42
378 nao esta em C42
703 nao esta em C42
415 nao esta em C42
883 nao esta em C42
618 nao esta em C42
807 nao esta em C42
406 nao esta em C42
756 nao esta em C42
656 nao esta em C42
859 nao esta em C42
720 nao esta em C42
693 nao esta em C42
69 nao esta em C42
500 nao esta em C42
827 nao esta em C42
923 nao esta em C42
937 nao esta em C42
880 nao esta em C42
358 nao esta em C42
199 nao esta em C42
867 nao esta em C42
839 nao esta em C42
168 nao esta em C42
176 nao esta em C42
260 nao esta em C42
317 nao esta em C42
527 nao esta em C42
742 nao esta em C42
908 esta em C42
712 esta em C42
674 esta em C42
145 esta em C42
191 esta em C42
611 esta em C42
474 esta em C42
805 esta em C42
714 esta em C42
424 esta em C42
416 esta em C42
292 esta em C42
373 esta em C42
669 esta em C42
548 esta em C42
574 esta em C42
70 esta em C42
857 esta em C42
952 esta em C42
147 esta em C42
409 esta em C42
597 esta em C42
543 esta em C42
345 esta em C42
349 esta em C42
786 esta em C42
813 esta em C42
855 esta em C42
53 esta em C42
82 esta em C42
688 esta em C42
689 esta em C42
369 esta em C42
587 esta em C42
422 esta em C42
852 esta em C42
934 esta em C42
35 esta em C42
2 nao esta em C43
708 nao esta em C43
892 nao esta em C43
908 nao esta em C43
478 nao esta em C43
129 nao esta em C43
816 nao esta em C43
153 nao esta em C43
578 nao esta em C43
701 nao esta em C43
856 nao esta em C43
80 nao esta em C43
460 esta em C43
731 esta em C43
716 esta em C43
676 esta em C43
951 esta em C43
162 esta em C43
115 esta em C43
272 esta em C43
306 esta em C43
190 esta em C43
379 esta em C43
229 esta em C43
104 nao esta em C44
888 nao esta em C44
181 nao esta em C44
823 nao esta em C44
175 nao esta em C44
773 nao esta em C44
162 nao esta em C44
503 nao esta em C44
710 nao esta em C44
763 nao esta em C44
504 nao esta em C44
739 nao esta em C44
903 nao esta em C44
454 nao esta em C44
747 nao esta em C44
938 nao esta em C44
445 nao esta em C44
900 nao esta em C44
5 nao esta em C44
413 esta em C44
168 esta em C44
111 esta em C44
922 esta em C44
421 esta em C44
16 esta em C44
397 esta em C44
221 esta em C44
590 esta em C44
584 esta em C44
114 esta em C44
896 esta em C44
960 esta em C44
905 esta em C44
402 esta em C44
894 esta em C44
375 esta em C44
125 esta em C44
829 nao esta em C45
646 nao esta em C45
404 nao esta em C45
903 nao esta em C45
747 nao esta em C45
359 nao esta em C45
699 nao esta em C45
233 nao esta em C45
362 nao esta em C45
89 nao esta em C45
336 nao esta em C45
859 nao esta em C45
288 nao esta em C45
269 nao esta em C45
803 nao esta em C45
878 nao esta em C45
607 nao esta em C45
517 nao esta em C45
13 nao esta em C45
125 nao esta em C45
898 nao esta em C45
299 nao esta em C45
753 nao esta em C45
507 nao esta em C45
469 nao esta em C45
883 nao esta em C45
136 nao esta em C45
177 nao esta em C45
93 nao esta em C45
433 nao esta em C45
720 nao esta em C45
671 nao esta em C45
124 esta em C45
991 esta em C45
257 esta em C45
340 esta em C45
668 esta em C45
370 esta em C45
147 esta em C45
135 esta em C45
669 esta em C45
388 esta em C45
855 esta em C45
760 esta em C45
941 esta em C45
755 esta em C45
478 esta em C45
115 esta em C45
265 esta em C45
152 esta em C45
739 esta em C45
831 esta em C45
567 esta em C45
221 esta em C45
674 esta em C45
718 esta em C45
612 esta em C45
851 esta em C45
844 esta em C45
305 esta em C45
243 esta em C45
867 esta em C45
583 esta em C45
211 esta em C45
190 nao esta em C46
511 nao esta em C46
326 nao esta em C46
227 nao esta em C46
61 nao esta em C46
849 nao esta em C46
395 nao esta em C46
78 nao esta em C46
362 nao esta em C46
557 nao esta em C46
566 nao esta em C46
741 nao esta em C46
296 nao esta em C46
752 nao esta em C46
874 nao esta em C46
578 nao esta em C46
502 nao esta em C46
183 nao esta em C46
911 nao esta em C46
428 nao esta em C46
670 nao esta em C46
450 nao esta em C46
167 nao esta em C46
420 nao esta em C46
423 nao esta em C46
378 nao esta em C46
44 nao esta em C46
355 nao esta em C46
18 nao esta em C46
644 nao esta em C46
554 nao esta em C46
707 nao esta em C46
252 nao esta em C46
758 nao esta em C46
933 nao esta em C46
243 nao esta em C46
115 nao esta em C46
271 nao esta em C46
244 nao esta em C46
16 nao esta em C46
771 nao esta em C46
945 nao esta em C46
453 nao esta em C46
878 nao esta em C46
904 nao esta em C46
672 nao esta em C46
775 nao esta em C46
392 nao esta em C46
605 nao esta em C46
873 nao esta em C46
129 esta em C46
76 esta em C46
684 esta em C46
268 esta em C46
931 esta em C46
751 esta em C46
812 esta em C46
728 esta em C46
592 esta em C46
393 esta em C46
64 esta em C46
784 esta em C46
972 esta em C46
390 esta em C46
647 esta em C46
702 esta em C46
658 esta em C46
964 esta em C46
89 esta em C46
367 esta em C46
865 esta em C46
565 esta em C46
697 esta em C46
857 esta em C46
607 esta em C46
358 esta em C46
685 esta em C46
63 esta em C46
91 esta em C46
234 esta em C46
544 esta em C46
38 esta em C46
235 esta em C46
803 esta em C46
633 esta em C46
513 esta em C46
304 esta em C46
49 esta em C46
308 esta em C46
106 esta em C46
652 esta em C46
788 esta em C46
157 esta em C46
587 esta em C46
69 esta em C46
638 esta em C46
974 esta em C46
999 esta em C46
713 esta em C46
855 nao esta em C47
363 nao esta em C47
475 nao esta em C47
64 nao esta em C47
474 nao esta em C47
529 nao esta em C47
585 nao esta em C47
17 nao esta em C47
119 nao esta em C47
183 nao esta em C47
417 nao esta em C47
656 nao esta em C47
148 nao esta em C47
575 nao esta em C47
582 nao esta em C47
929 nao esta em C47
691 nao esta em C47
904 nao esta em C47
375 nao esta em C47
55 nao esta em C47
0 nao esta em C47
240 nao esta em C47
866 nao esta em C47
144 nao esta em C47
307 nao esta em C47
47 nao esta em C47
438 nao esta em C47
952 nao esta em C47
125 nao esta em C47
641 nao esta em C47
77 nao esta em C47
416 nao esta em C47
262 nao esta em C47
214 nao esta em C47
982 nao esta em C47
31 nao esta em C47
925 nao esta em C47
403 nao esta em C47
971 nao esta em C47
934 nao esta em C47
932 nao esta em C47
937 nao esta em C47
606 nao esta em C47
649 nao esta em C47
13 nao esta em C47
223 nao esta em C47
157 nao esta em C47
684 esta em C47
840 esta em C47
456 esta em C47
813 esta em C47
918 esta em C47
891 esta em C47
227 esta em C47
276 esta em C47
801 esta em C47
143 esta em C47
454 esta em C47
667 esta em C47
146 esta em C47
74 esta em C47
679 esta em C47
924 esta em C47
610 esta em C47
690 esta em C47
98 esta em C47
91 esta em C47
546 esta em C47
277 esta em C47
849 esta em C47
358 esta em C47
156 esta em C47
930 esta em C47
234 esta em C47
551 esta em C47
162 esta em C47
4 esta em C47
68 esta em C47
903 esta em C47
141 esta em C47
344 esta em C47
671 esta em C47
291 esta em C47
401 esta em C47
350 esta em C47
502 esta em C47
776 esta em C47
252 esta em C47
986 esta em C47
562 esta em C47
19 esta em C47
824 esta em C47
647 esta em C47
738 nao esta em C48
135 nao esta em C48
237 nao esta em C48
411 nao esta em C48
865 nao esta em C48
101 nao esta em C48
242 nao esta em C48
457 nao esta em C48
635 nao esta em C48
855 nao esta em C48
633 nao esta em C48
522 nao esta em C48
98 nao esta em C48
95 nao esta em C48
261 nao esta em C48
694 nao esta em C48
597 nao esta em C48
965 nao esta em C48
301 nao esta em C48
699 nao esta em C48
854 nao esta em C48
607 nao esta em C48
716 nao esta em C48
830 nao esta em C48
397 esta em C48
911 esta em C48
598 esta em C48
360 esta em C48
552 esta em C48
658 esta em C48
660 esta em C48
356 esta em C48
844 esta em C48
808 esta em C48
375 esta em C48
199 esta em C48
912 esta em C48
64 esta em C48
559 esta em C48
15 esta em C48
209 esta em C48
400 esta em C48
72 esta em C48
281 esta em C48
677 esta em C48
464 esta em C48
398 esta em C48
918 nao esta em C49
166 nao esta em C49
703 nao esta em C49
687 nao esta em C49
446 nao esta em C49
141 nao esta em C49
527 nao esta em C49
70 nao esta em C49
183 nao esta em C49
864 nao esta em C49
374 nao esta em C49
155 nao esta em C49
904 nao esta em C49
78 nao esta em C49
321 nao esta em C49
401 nao esta em C49
569 nao esta em C49
344 nao esta em C49
373 nao esta em C49
8 nao esta em C49
440 nao esta em C49
832 nao esta em C49
53 nao esta em C49
203 nao esta em C49
829 nao esta em C49
771 nao esta em C49
259 nao esta em C49
335 nao esta em C49
307 nao esta em C49
462 nao esta em C49
317 nao esta em C49
905 nao esta em C49
34 nao esta em C49
210 nao esta em C49
612 nao esta em C49
549 nao esta em C49
242 nao esta em C49
618 nao esta em C49
531 nao esta em C49
193 nao esta em C49
9 nao esta em C49
297 nao esta em C49
1 nao esta em C49
571 nao esta em C49
693 nao esta em C49
917 nao esta em C49
326 esta em C49
588 esta em C49
251 esta em C49
42 esta em C49
731 esta em C49
947 esta em C49
617 esta em C49
541 esta em C49
327 esta em C49
919 esta em C49
420 esta em C49
685 esta em C49
494 esta em C49
375 esta em C49
879 esta em C49
116 esta em C49
776 esta em C49
75 esta em C49
51 esta em C49
322 esta em C49
949 esta em C49
740 esta em C49
387 esta em C49
789 esta em C49
38 esta em C49
260 esta em C49
670 esta em C49
697 esta em C49
563 esta em C49
595 esta em C49
594 esta em C49
129 esta em C49
676 esta em C49
909 esta em C49
17 esta em C49
723 esta em C49
658 esta em C49
770 esta em C49
196 esta em C49
674 esta em C49
202 esta em C49
835 esta em C49
663 esta em C49
234 esta em C49
846 esta em C49
300 nao esta em C50
643 nao esta em C50
805 nao esta em C50
530 nao esta em C50
880 nao esta em C50
85 nao esta em C50
570 nao esta em C50
939 nao esta em C50
581 nao esta em C50
284 nao esta em C50
927 nao esta em C50
70 nao esta em C50
977 nao esta em C50
389 nao esta em C50
126 nao esta em C50
75 nao esta em C50
656 nao esta em C50
886 nao esta em C50
313 nao esta em C50
99 nao esta em C50
58 nao esta em C50
382 nao esta em C50
809 nao esta em C50
672 nao esta em C50
306 nao esta em C50
975 nao esta em C50
693 nao esta em C50
14 nao esta em C50
965 nao esta em C50
782 nao esta em C50
655 esta em C50
904 esta em C50
760 esta em C50
235 esta em C50
373 esta em C50
181 esta em C50
387 esta em C50
701 esta em C50
487 esta em C50
563 esta em C50
949 esta em C50
109 esta em C50
95 esta em C50
881 esta em C50
714 esta em C50
424 esta em C50
136 esta em C50
232 esta em C50
89 esta em C50
506 esta em C50
262 esta em C50
976 esta em C50
418 esta em C50
786 esta em C50
942 esta em C50
41 esta em C50
207 esta em C50
900 esta em C50
356 esta em C50
34 nao esta em C51
127 nao esta em C51
117 nao esta em C51
825 nao esta em C51
795 nao esta em C51
594 nao esta em C51
73 nao esta em C51
172 nao esta em C51
190 nao esta em C51
777 nao esta em C51
776 nao esta em C51
247 nao esta em C51
99 nao esta em C51
473 nao esta em C51
377 nao esta em C51
875 nao esta em C51
852 nao esta em C51
83 nao esta em C51
689 nao esta em C51
301 nao esta em C51
241 nao esta em C51
443 nao esta em C51
499 nao esta em C51
643 nao esta em C51
585 nao esta em C51
577 nao esta em C51
94 nao esta em C51
818 nao esta em C51
114 nao esta em C51
883 nao esta em C51
315 nao esta em C51
746 nao esta em C51
71 nao esta em C51
306 nao esta em C51
756 nao esta em C51
17 nao esta em C51
274 nao esta em C51
438 nao esta em C51
84 nao esta em C51
920 nao esta em C51
125 nao esta em C51
176 nao esta em C51
49 nao esta em C51
212 nao esta em C51
736 nao esta em C51
939 esta em C51
681 esta em C51
572 esta em C51
424 esta em C51
423 esta em C51
113 esta em C51
762 esta em C51
328 esta em C51
966 esta em C51
693 esta em C51
221 esta em C51
938 esta em C51
296 esta em C51
436 esta em C51
80 esta em C51
846 esta em C51
774 esta em C51
841 esta em C51
947 esta em C51
546 esta em C51
325 esta em C51
151 esta em C51
130 esta em C51
162 esta em C51
140 esta em C51
674 esta em C51
921 esta em C51
768 esta em C51
460 esta em C51
141 esta em C51
281 esta em C51
540 esta em C51
531 esta em C51
196 esta em C51
458 esta em C51
705 esta em C51
397 esta em C51
578 esta em C51
295 esta em C51
851 esta em C51
53 esta em C51
422 esta em C51
378 esta em C51
456 esta em C51
975 esta em C51
643 nao esta em C52
350 nao esta em C52
43 nao esta em C52
250 nao esta em C52
256 nao esta em C52
509 nao esta em C52
357 nao esta em C52
795 nao esta em C52
347 nao esta em C52
63 nao esta em C52
891 nao esta em C52
915 nao esta em C52
425 nao esta em C52
460 nao esta em C52
205 nao esta em C52
920 nao esta em C52
621 nao esta em C52
5 nao esta em C52
199 nao esta em C52
704 nao esta em C52
790 nao esta em C52
668 nao esta em C52
169 nao esta em C52
81 nao esta em C52
45 nao esta em C52
985 nao esta em C52
537 nao esta em C52
230 nao esta em C52
550 nao esta em C52
142 nao esta em C52
892 nao esta em C52
179 nao esta em C52
327 nao esta em C52
539 nao esta em C52
489 nao esta em C52
885 nao esta em C52
496 nao esta em C52
960 nao esta em C52
634 nao esta em C52
876 nao esta em C52
248 nao esta em C52
99 nao esta em C52
37 nao esta em C52
994 nao esta em C52
875 nao esta em C52
778 esta em C52
395 esta em C52
470 esta em C52
341 esta em C52
567 esta em C52
170 esta em C52
182 esta em C52
801 esta em C52
97 esta em C52
932 esta em C52
143 esta em C52
927 esta em C52
594 esta em C52
933 esta em C52
32 esta em C52
984 esta em C52
928 esta em C52
873 esta em C52
120 esta em C52
492 esta em C52
235 esta em C52
951 esta em C52
825 esta em C52
787 esta em C52
841 esta em C52
378 esta em C52
116 esta em C52
881 esta em C52
836 esta em C52
325 esta em C52
456 esta em C52
872 esta em C52
962 esta em C52
842 esta em C52
60 esta em C52
139 esta em C52
601 esta em C52
167 esta em C52
80 esta em C52
149 esta em C52
432 esta em C52
541 esta em C52
332 esta em C52
284 esta em C52
88 nao esta em C53
788 nao esta em C53
925 nao esta em C53
55 nao esta em C53
24 nao esta em C53
114 nao esta em C53
921 nao esta em C53
244 nao esta em C53
149 nao esta em C53
974 nao esta em C53
661 nao esta em C53
534 nao esta em C53
54 nao esta em C53
107 nao esta em C53
947 nao esta em C53
215 nao esta em C53
621 nao esta em C53
721 esta em C53
527 esta em C53
644 esta em C53
651 esta em C53
958 esta em C53
430 esta em C53
590 esta em C53
955 esta em C53
531 esta em C53
919 esta em C53
963 esta em C53
820 esta em C53
653 esta em C53
784 esta em C53
450 esta em C53
20 esta em C53
46 esta em C53
929 nao esta em C54
391 nao esta em C54
413 nao esta em C54
346 nao esta em C54
187 nao esta em C54
175 nao esta em C54
681 nao esta em C54
927 nao esta em C54
288 nao esta em C54
619 nao esta em C54
973 nao esta em C54
257 nao esta em C54
508 nao esta em C54
384 nao esta em C54
682 nao esta em C54
180 nao esta em C54
579 nao esta em C54
977 nao esta em C54
847 nao esta em C54
388 nao esta em C54
872 nao esta em C54
583 nao esta em C54
839 nao esta em C54
349 nao esta em C54
666 nao esta em C54
360 nao esta em C54
769 nao esta em C54
664 nao esta em C54
35 nao esta em C54
613 nao esta em C54
846 nao esta em C54
537 nao esta em C54
848 nao esta em C54
256 nao esta em C54
377 nao esta em C54
76 nao esta em C54
831 nao esta em C54
779 nao esta em C54
64 nao esta em C54
698 nao esta em C54
382 nao esta em C54
841 esta em C54
81 esta em C54
137 esta em C54
260 esta em C54
325 esta em C54
609 esta em C54
880 esta em C54
297 esta em C54
821 esta em C54
783 esta em C54
89 esta em C54
461 esta em C54
672 esta em C54
976 esta em C54
207 esta em C54
182 esta em C54
676 esta em C54
882 esta em C54
661 esta em C54
721 esta em C54
254 esta em C54
817 esta em C54
912 esta em C54
421 esta em C54
806 esta em C54
567 esta em C54
771 esta em C54
264 esta em C54
197 esta em C54
44 esta em C54
615 esta em C54
988 esta em C54
870 esta em C54
533 esta em C54
627 esta em C54
149 esta em C54
195 esta em C54
228 esta em C54
458 esta em C54
183 esta em C54
599 nao esta em C55
954 nao esta em C55
395 nao esta em C55
849 nao esta em C55
456 nao esta em C55
931 nao esta em C55
120 nao esta em C55
645 nao esta em C55
497 nao esta em C55
70 nao esta em C55
40 nao esta em C55
431 nao esta em C55
160 nao esta em C55
805 nao esta em C55
554 nao esta em C55
162 nao esta em C55
38 nao esta em C55
875 nao esta em C55
494 nao esta em C55
464 esta em C55
57 esta em C55
475 esta em C55
905 esta em C55
217 esta em C55
844 esta em C55
259 esta em C55
496 esta em C55
829 esta em C55
486 esta em C55
191 esta em C55
972 esta em C55
213 esta em C55
670 esta em C55
693 esta em C55
722 esta em C55
477 esta em C55
713 esta em C55
471 esta em C55
360 nao esta em C56
686 nao esta em C56
941 nao esta em C56
232 nao esta em C56
923 nao esta em C56
720 nao esta em C56
361 nao esta em C56
401 nao esta em C56
111 nao esta em C56
106 nao esta em C56
437 nao esta em C56
674 nao esta em C56
752 nao esta em C56
410 nao esta em C56
143 nao esta em C56
446 nao esta em C56
899 nao esta em C56
403 nao esta em C56
950 nao esta em C56
606 nao esta em C56
13 nao esta em C56
524 nao esta em C56
993 nao esta em C56
886 nao esta em C56
6 nao esta em C56
209 nao esta em C56
989 nao esta em C56
619 nao esta em C56
359 nao esta em C56
515 nao esta em C56
462 nao esta em C56
159 nao esta em C56
210 nao esta em C56
230 nao esta em C56
603 nao esta em C56
896 nao esta em C56
765 nao esta em C56
438 nao esta em C56
672 nao esta em C56
567 nao esta em C56
951 nao esta em C56
275 nao esta em C56
76 esta em C56
281 esta em C56
30 esta em C56
878 esta em C56
596 esta em C56
583 esta em C56
399 esta em C56
124 esta em C56
80 esta em C56
258 esta em C56
559 esta em C56
849 esta em C56
726 esta em C56
970 esta em C56
335 esta em C56
753 esta em C56
770 esta em C56
550 esta em C56
215 esta em C56
856 esta em C56
184 esta em C56
68 esta em C56
641 esta em C56
305 esta em C56
290 esta em C56
714 esta em C56
198 esta em C56
755 esta em C56
696 esta em C56
227 esta em C56
327 esta em C56
206 esta em C56
615 esta em C56
246 esta em C56
662 esta em C56
189 esta em C56
388 esta em C56
78 esta em C56
422 esta em C56
326 esta em C56
271 esta em C56
154 esta em C56
967 nao esta em C57
424 nao esta em C57
631 nao esta em C57
939 nao esta em C57
617 nao esta em C57
101 nao esta em C57
311 nao esta em C57
27 nao esta em C57
72 nao esta em C57
730 nao esta em C57
521 nao esta em C57
881 nao esta em C57
679 nao esta em C57
747 nao esta em C57
715 nao esta em C57
872 nao esta em C57
954 nao esta em C57
953 nao esta em C57
676 nao esta em C57
542 nao esta em C57
502 nao esta em C57
877 nao esta em C57
373 nao esta em C57
819 nao esta em C57
326 nao esta em C57
674 nao esta em C57
10 nao esta em C57
90 nao esta em C57
323 nao esta em C57
87 nao esta em C57
70 nao esta em C57
565 nao esta em C57
845 nao esta em C57
351 nao esta em C57
561 nao esta em C57
249 nao esta em C57
823 nao esta em C57
218 nao esta em C57
523 nao esta em C57
229 nao esta em C57
672 nao esta em C57
533 nao esta em C57
133 nao esta em C57
245 nao esta em C57
414 nao esta em C57
665 nao esta em C57
115 nao esta em C57
192 esta em C57
543 esta em C57
340 esta em C57
358 esta em C57
855 esta em C57
667 esta em C57
382 esta em C57
13 esta em C57
393 esta em C57
567 esta em C57
689 esta em C57
267 esta em C57
716 esta em C57
179 esta em C57
9 esta em C57
178 esta em C57
875 esta em C57
788 esta em C57
619 esta em C57
826 esta em C57
239 esta em C57
181 esta em C57
409 esta em C57
200 esta em C57
750 esta em C57
762 esta em C57
60 esta em C57
377 esta em C57
520 esta em C57
167 esta em C57
634 esta em C57
219 esta em C57
596 esta em C57
447 esta em C57
650 esta em C57
944 esta em C57
73 esta em C57
979 esta em C57
890 esta em C57
46 esta em C57
695 esta em C57
55 esta em C57
129 esta em C57
251 esta em C57
62 esta em C57
299 esta em C57
107 esta em C57
490 nao esta em C58
865 nao esta em C58
545 nao esta em C58
553 nao esta em C58
110 nao esta em C58
87 nao esta em C58
590 nao esta em C58
511 nao esta em C58
894 nao esta em C58
41 nao esta em C58
811 nao esta em C58
122 nao esta em C58
293 nao esta em C58
533 nao esta em C58
7 nao esta em C58
469 nao esta em C58
473 nao esta em C58
480 nao esta em C58
68 nao esta em C58
512 nao esta em C58
921 nao esta em C58
845 nao esta em C58
948 nao esta em C58
646 nao esta em C58
751 nao esta em C58
489 nao esta em C58
764 nao esta em C58
415 nao esta em C58
876 nao esta em C58
327 nao esta em C58
972 nao esta em C58
664 nao esta em C58
711 nao esta em C58
867 nao esta em C58
650 nao esta em C58
586 nao esta em C58
953 nao esta em C58
896 nao esta em C58
44 nao esta em C58
857 nao esta em C58
282 nao esta em C58
932 nao esta em C58
333 nao esta em C58
455 nao esta em C58
177 esta em C58
666 esta em C58
60 esta em C58
246 esta em C58
485 esta em C58
132 esta em C58
691 esta em C58
472 esta em C58
450 esta em C58
366 esta em C58
405 esta em C58
313 esta em C58
385 esta em C58
447 esta em C58
654 esta em C58
732 esta em C58
593 esta em C58
923 esta em C58
508 esta em C58
477 esta em C58
461 esta em C58
594 esta em C58
59 esta em C58
471 esta em C58
381 esta em C58
924 esta em C58
499 esta em C58
941 esta em C58
222 esta em C58
368 esta em C58
37 esta em C58
487 esta em C58
966 esta em C58
733 esta em C58
684 esta em C58
827 esta em C58
493 esta em C58
29 esta em C58
787 esta em C58
909 esta em C58
422 esta em C58
339 esta em C58
42 esta em C58
816 esta em C58
908 nao esta em C59
414 nao esta em C59
307 nao esta em C59
853 nao esta em C59
649 nao esta em C59
666 nao esta em C59
174 nao esta em C59
149 nao esta em C59
173 nao esta em C59
947 nao esta em C59
69 nao esta em C59
646 nao esta em C59
965 nao esta em C59
610 nao esta em C59
724 nao esta em C59
878 nao esta em C59
296 nao esta em C59
224 nao esta em C59
683 nao esta em C59
332 nao esta em C59
453 nao esta em C59
789 nao esta em C59
904 nao esta em C59
313 nao esta em C59
501 nao esta em C59
917 nao esta em C59
370 nao esta em C59
729 nao esta em C59
253 nao esta em C59
361 nao esta em C59
63 nao esta em C59
601 nao esta em C59
744 nao esta em C59
532 nao esta em C59
166 nao esta em C59
404 nao esta em C59
371 nao esta em C59
707 nao esta em C59
662 nao esta em C59
111 nao esta em C59
964 nao esta em C59
343 nao esta em C59
356 esta em C59
493 esta em C59
669 esta em C59
479 esta em C59
693 esta em C59
767 esta em C59
266 esta em C59
745 esta em C59
861 esta em C59
491 esta em C59
145 esta em C59
720 esta em C59
577 esta em C59
317 esta em C59
871 esta em C59
880 esta em C59
922 esta em C59
825 esta em C59
376 esta em C59
28 esta em C59
818 esta em C59
652 esta em C59
259 esta em C59
725 esta em C59
65 esta em C59
350 esta em C59
229 esta em C59
64 esta em C59
804 esta em C59
751 esta em C59
115 esta em C59
640 esta em C59
187 esta em C59
877 esta em C59
997 esta em C59
35 esta em C59
157 esta em C59
787 esta em C59
636 esta em C59
67 esta em C59
912 esta em C59
77 esta em C59
593 nao esta em C60
791 nao esta em C60
99 nao esta em C60
548 nao esta em C60
39 nao esta em C60
453 nao esta em C60
929 nao esta em C60
871 nao esta em C60
533 nao esta em C60
245 nao esta em C60
959 nao esta em C60
60 nao esta em C60
1 nao esta em C60
703 nao esta em C60
228 nao esta em C60
912 nao esta em C60
942 nao esta em C60
529 nao esta em C60
971 nao esta em C60
15 nao esta em C60
358 nao esta em C60
891 nao esta em C60
524 nao esta em C60
844 nao esta em C60
322 nao esta em C60
500 nao esta em C60
169 nao esta em C60
946 nao esta em C60
117 nao esta em C60
746 nao esta em C60
311 nao esta em C60
781 nao esta em C60
607 nao esta em C60
414 nao esta em C60
787 nao esta em C60
155 nao esta em C60
261 nao esta em C60
96 nao esta em C60
265 nao esta em C60
953 nao esta em C60
190 nao esta em C60
627 nao esta em C60
927 nao esta em C60
834 nao esta em C60
612 nao esta em C60
387 nao esta em C60
18 nao esta em C60
0 nao esta em C60
804 nao esta em C60
633 nao esta em C60
116 esta em C60
438 esta em C60
461 esta em C60
960 esta em C60
937 esta em C60
400 esta em C60
270 esta em C60
554 esta em C60
483 esta em C60
903 esta em C60
476 esta em C60
619 esta em C60
199 esta em C60
455 esta em C60
945 esta em C60
354 esta em C60
40 esta em C60
730 esta em C60
898 esta em C60
424 esta em C60
614 esta em C60
481 esta em C60
848 esta em C60
386 esta em C60
364 esta em C60
814 esta em C60
585 esta em C60
974 esta em C60
175 esta em C60
121 esta em C60
378 esta em C60
457 esta em C60
640 esta em C60
641 esta em C60
894 esta em C60
688 esta em C60
564 esta em C60
127 esta em C60
48 esta em C60
285 esta em C60
22 esta em C60
131 esta em C60
185 esta em C60
328 esta em C60
546 esta em C60
611 esta em C60
377 esta em C60
830 esta em C60
515 esta em C60
399 esta em C60
408 nao esta em C61
945 nao esta em C61
808 nao esta em C61
401 nao esta em C61
33 nao esta em C61
597 nao esta em C61
76 nao esta em C61
10 nao esta em C61
482 esta em C61
788 esta em C61
686 esta em C61
128 esta em C61
864 esta em C61
635 esta em C61
899 esta em C61
247 nao esta em C62
258 nao esta em C62
561 nao esta em C62
681 nao esta em C62
686 nao esta em C62
33 nao esta em C62
923 nao esta em C62
786 nao esta em C62
453 nao esta em C62
343 nao esta em C62
15 nao esta em C62
158 esta em C62
370 esta em C62
42 esta em C62
535 esta em C62
229 esta em C62
700 esta em C62
946 esta em C62
322 esta em C62
649 esta em C62
129 esta em C62
672 nao esta em C63
520 nao esta em C63
202 nao esta em C63
706 nao esta em C63
919 nao esta em C63
923 nao esta em C63
313 nao esta em C63
764 nao esta em C63
224 nao esta em C63
869 nao esta em C63
980 nao esta em C63
558 nao esta em C63
368 nao esta em C63
427 nao esta em C63
763 nao esta em C63
389 nao esta em C63
698 nao esta em C63
725 nao esta em C63
335 nao esta em C63
673 nao esta em C63
106 nao esta em C63
792 nao esta em C63
851 nao esta em C63
704 nao esta em C63
163 nao esta em C63
947 nao esta em C63
494 nao esta em C63
786 nao esta em C63
770 nao esta em C63
255 nao esta em C63
291 nao esta em C63
690 nao esta em C63
411 nao esta em C63
604 esta em C63
709 esta em C63
338 esta em C63
839 esta em C63
213 esta em C63
951 esta em C63
835 esta em C63
322 esta em C63
363 esta em C63
362 esta em C63
639 esta em C63
592 esta em C63
343 esta em C63
537 esta em C63
133 esta em C63
176 esta em C63
346 esta em C63
774 esta em C63
80 esta em C63
962 esta em C63
278 esta em C63
372 esta em C63
464 esta em C63
728 esta em C63
713 esta em C63
493 esta em C63
586 esta em C63
460 esta em C63
930 esta em C63
54 esta em C63
800 esta em C63
890 esta em C63
178 nao esta em C64
521 nao esta em C64
939 nao esta em C64
557 nao esta em C64
493 nao esta em C64
472 nao esta em C64
703 nao esta em C64
544 nao esta em C64
507 nao esta em C64
670 esta em C64
255 esta em C64
989 esta em C64
566 esta em C64
146 esta em C64
776 esta em C64
352 esta em C64
18 esta em C64
898 esta em C64
940 nao esta em C65
336 nao esta em C65
614 nao esta em C65
259 nao esta em C65
681 nao esta em C65
76 nao esta em C65
996 nao esta em C65
78 nao esta em C65
518 esta em C65
131 esta em C65
33 esta em C65
65 esta em C65
377 esta em C65
719 esta em C65
900 esta em C65
508 nao esta em C66
801 nao esta em C66
430 nao esta em C66
264 nao esta em C66
418 nao esta em C66
511 nao esta em C66
32 nao esta em C66
192 nao esta em C66
378 nao esta em C66
227 nao esta em C66
261 nao esta em C66
991 nao esta em C66
744 nao esta em C66
262 nao esta em C66
966 nao esta em C66
754 nao esta em C66
758 nao esta em C66
384 nao esta em C66
246 nao esta em C66
944 nao esta em C66
813 nao esta em C66
662 nao esta em C66
924 nao esta em C66
945 nao esta em C66
701 nao esta em C66
702 nao esta em C66
921 nao esta em C66
567 nao esta em C66
531 nao esta em C66
391 nao esta em C66
949 nao esta em C66
842 nao esta em C66
1 nao esta em C66
364 nao esta em C66
750 nao esta em C66
669 nao esta em C66
312 nao esta em C66
670 esta em C66
585 esta em C66
986 esta em C66
625 esta em C66
859 esta em C66
627 esta em C66
856 esta em C66
879 esta em C66
398 esta em C66
250 esta em C66
671 esta em C66
998 esta em C66
767 esta em C66
795 esta em C66
620 esta em C66
134 esta em C66
708 esta em C66
438 esta em C66
447 esta em C66
212 esta em C66
304 esta em C66
89 esta em C66
148 esta em C66
718 esta em C66
347 esta em C66
169 esta em C66
437 esta em C66
328 esta em C66
63 esta em C66
538 esta em C66
517 esta em C66
25 esta em C66
541 esta em C66
731 esta em C66
496 esta em C66
12 esta em C66
547 esta em C66
527 nao esta em C67
668 nao esta em C67
93 nao esta em C67
564 nao esta em C67
826 nao esta em C67
963 nao esta em C67
663 esta em C67
781 esta em C67
576 esta em C67
927 esta em C67
15 esta em C67
302 esta em C67
5 nao esta em C68
292 nao esta em C68
611 nao esta em C68
791 nao esta em C68
597 nao esta em C68
674 nao esta em C68
291 nao esta em C68
221 nao esta em C68
142 nao esta em C68
495 nao esta em C68
435 nao esta em C68
160 nao esta em C68
462 nao esta em C68
225 nao esta em C68
49 nao esta em C68
770 nao esta em C68
913 nao esta em C68
991 nao esta em C68
387 nao esta em C68
661 nao esta em C68
618 nao esta em C68
941 nao esta em C68
697 nao esta em C68
807 nao esta em C68
989 nao esta em C68
317 nao esta em C68
322 nao esta em C68
343 nao esta em C68
849 nao esta em C68
943 nao esta em C68
328 nao esta em C68
146 esta em C68
114 esta em C68
946 esta em C68
623 esta em C68
754 esta em C68
887 esta em C68
620 esta em C68
632 esta em C68
938 esta em C68
259 esta em C68
104 esta em C68
917 esta em C68
908 esta em C68
868 esta em C68
764 esta em C68
843 esta em C68
14 esta em C68
740 esta em C68
456 esta em C68
994 esta em C68
745 esta em C68
363 esta em C68
446 esta em C68
365 esta em C68
859 esta em C68
931 esta em C68
272 esta em C68
644 esta em C68
320 esta em C68
306 esta em C68
672 esta em C68
969 nao esta em C69
315 nao esta em C69
549 nao esta em C69
593 nao esta em C69
768 nao esta em C69
374 nao esta em C69
799 nao esta em C69
543 nao esta em C69
793 nao esta em C69
257 nao esta em C69
450 nao esta em C69
994 nao esta em C69
273 nao esta em C69
787 nao esta em C69
254 nao esta em C69
924 nao esta em C69
470 nao esta em C69
879 nao esta em C69
159 nao esta em C69
305 nao esta em C69
230 nao esta em C69
165 nao esta em C69
981 nao esta em C69
999 nao esta em C69
84 nao esta em C69
285 nao esta em C69
606 nao esta em C69
451 nao esta em C69
154 nao esta em C69
810 nao esta em C69
327 nao esta em C69
456 nao esta em C69
136 nao esta em C69
536 nao esta em C69
650 nao esta em C69
911 nao esta em C69
258 esta em C69
117 esta em C69
998 esta em C69
325 esta em C69
272 esta em C69
558 esta em C69
595 esta em C69
128 esta em C69
505 esta em C69
983 esta em C69
146 esta em C69
794 esta em C69
2 esta em C69
417 esta em C69
697 esta em C69
795 esta em C69
871 esta em C69
721 esta em C69
640 esta em C69
347 esta em C69
704 esta em C69
648 esta em C69
657 esta em C69
328 esta em C69
647 esta em C69
323 esta em C69
79 esta em C69
277 esta em C69
584 esta em C69
598 esta em C69
287 esta em C69
751 esta em C69
676 esta em C69
772 esta em C69
156 esta em C69
437 esta em C69
705 nao esta em C70
730 nao esta em C70
378 nao esta em C70
944 nao esta em C70
64 nao esta em C70
189 esta em C70
98 esta em C70
816 esta em C70
648 esta em C70
949 esta em C70
175 nao esta em C71
410 nao esta em C71
935 nao esta em C71
489 nao esta em C71
989 nao esta em C71
515 nao esta em C71
648 nao esta em C71
566 nao esta em C71
938 nao esta em C71
292 nao esta em C71
360 nao esta em C71
187 nao esta em C71
926 nao esta em C71
162 nao esta em C71
510 nao esta em C71
972 nao esta em C71
894 nao esta em C71
548 nao esta em C71
874 nao esta em C71
320 esta em C71
305 esta em C71
936 esta em C71
675 esta em C71
678 esta em C71
492 esta em C71
335 esta em C71
734 esta em C71
740 esta em C71
338 esta em C71
640 esta em C71
534 esta em C71
592 esta em C71
559 esta em C71
997 esta em C71
610 esta em C71
212 esta em C71
304 esta em C71
417 esta em C71
282 nao esta em C72
33 nao esta em C72
48 nao esta em C72
855 nao esta em C72
403 nao esta em C72
170 esta em C72
270 esta em C72
746 esta em C72
583 esta em C72
769 nao esta em C73
825 nao esta em C73
215 nao esta em C73
57 nao esta em C73
0 nao esta em C73
882 nao esta em C73
91 nao esta em C73
935 nao esta em C73
464 nao esta em C73
200 nao esta em C73
223 nao esta em C73
544 nao esta em C73
398 nao esta em C73
162 nao esta em C73
649 nao esta em C73
32 nao esta em C73
41 esta em C73
964 esta em C73
767 esta em C73
509 esta em C73
407 esta em C73
141 esta em C73
100 esta em C73
981 esta em C73
756 esta em C73
5 esta em C73
642 esta em C73
56 esta em C73
165 esta em C73
896 esta em C73
575 esta em C73
320 nao esta em C74
930 esta em C74
450 nao esta em C75
330 nao esta em C75
198 nao esta em C75
855 nao esta em C75
35 nao esta em C75
828 nao esta em C75
276 nao esta em C75
689 nao esta em C75
234 nao esta em C75
398 nao esta em C75
519 nao esta em C75
329 nao esta em C75
351 nao esta em C75
735 nao esta em C75
80 nao esta em C75
26 nao esta em C75
151 nao esta em C75
196 nao esta em C75
737 nao esta em C75
884 nao esta em C75
806 nao esta em C75
642 nao esta em C75
93 nao esta em C75
16 nao esta em C75
557 nao esta em C75
470 nao esta em C75
745 nao esta em C75
552 nao esta em C75
199 nao esta em C75
153 nao esta em C75
213 nao esta em C75
534 nao esta em C75
573 nao esta em C75
687 nao esta em C75
178 nao esta em C75
527 nao esta em C75
188 esta em C75
68 esta em C75
765 esta em C75
342 esta em C75
821 esta em C75
129 esta em C75
947 esta em C75
476 esta em C75
421 esta em C75
147 esta em C75
575 esta em C75
394 esta em C75
181 esta em C75
674 esta em C75
131 esta em C75
252 esta em C75
108 esta em C75
655 esta em C75
425 esta em C75
596 esta em C75
813 esta em C75
269 esta em C75
760 esta em C75
228 esta em C75
780 esta em C75
18 esta em C75
807 esta em C75
429 esta em C75
852 esta em C75
917 esta em C75
299 esta em C75
360 esta em C75
763 esta em C75
478 esta em C75
647 esta em C75
204 nao esta em C76
680 nao esta em C76
683 nao esta em C76
650 nao esta em C76
254 nao esta em C76
658 nao esta em C76
984 nao esta em C76
924 nao esta em C76
609 nao esta em C76
682 nao esta em C76
402 nao esta em C76
910 nao esta em C76
218 nao esta em C76
588 nao esta em C76
56 nao esta em C76
653 nao esta em C76
241 nao esta em C76
236 nao esta em C76
452 nao esta em C76
871 nao esta em C76
480 nao esta em C76
781 nao esta em C76
717 nao esta em C76
946 nao esta em C76
437 nao esta em C76
751 nao esta em C76
70 nao esta em C76
253 nao esta em C76
134 nao esta em C76
101 nao esta em C76
557 nao esta em C76
389 nao esta em C76
451 esta em C76
633 esta em C76
326 esta em C76
490 esta em C76
663 esta em C76
688 esta em C76
405 esta em C76
25 esta em C76
811 esta em C76
379 esta em C76
767 esta em C76
340 esta em C76
952 esta em C76
190 esta em C76
990 esta em C76
716 esta em C76
431 esta em C76
467 esta em C76
98 esta em C76
908 esta em C76
390 esta em C76
686 esta em C76
454 esta em C76
903 esta em C76
260 esta em C76
368 esta em C76
427 esta em C76
791 esta em C76
239 esta em C76
591 esta em C76
969 esta em C76
896 esta em C76
924 nao esta em C77
952 nao esta em C77
179 nao esta em C77
815 nao esta em C77
86 nao esta em C77
224 nao esta em C77
958 nao esta em C77
745 nao esta em C77
389 nao esta em C77
295 nao esta em C77
116 nao esta em C77
549 nao esta em C77
284 nao esta em C77
90 nao esta em C77
117 nao esta em C77
243 nao esta em C77
223 nao esta em C77
527 nao esta em C77
485 nao esta em C77
579 nao esta em C77
356 nao esta em C77
598 nao esta em C77
629 nao esta em C77
502 nao esta em C77
922 nao esta em C77
954 nao esta em C77
715 nao esta em C77
641 nao esta em C77
367 nao esta em C77
229 nao esta em C77
930 nao esta em C77
522 nao esta em C77
822 esta em C77
683 esta em C77
18 esta em C77
801 esta em C77
466 esta em C77
515 esta em C77
679 esta em C77
529 esta em C77
118 esta em C77
302 esta em C77
860 esta em C77
416 esta em C77
800 esta em C77
816 esta em C77
140 esta em C77
324 esta em C77
590 esta em C77
855 esta em C77
421 esta em C77
456 esta em C77
181 esta em C77
891 esta em C77
928 esta em C77
67 esta em C77
153 esta em C77
972 esta em C77
706 esta em C77
703 esta em C77
636 esta em C77
80 esta em C77
947 esta em C77
500 nao esta em C78
691 nao esta em C78
27 nao esta em C78
516 nao esta em C78
642 nao esta em C78
323 nao esta em C78
162 nao esta em C78
720 nao esta em C78
999 nao esta em C78
922 nao esta em C78
423 nao esta em C78
278 nao esta em C78
755 nao esta em C78
644 nao esta em C78
871 nao esta em C78
510 nao esta em C78
556 nao esta em C78
989 nao esta em C78
337 nao esta em C78
293 nao esta em C78
430 nao esta em C78
481 esta em C78
209 esta em C78
301 esta em C78
942 esta em C78
173 esta em C78
958 esta em C78
771 esta em C78
924 esta em C78
497 esta em C78
916 esta em C78
226 esta em C78
355 esta em C78
511 esta em C78
499 esta em C78
704 esta em C78
774 esta em C78
310 esta em C78
192 esta em C78
308 esta em C78
767 esta em C78
315 nao esta em C79
63 nao esta em C79
613 nao esta em C79
491 nao esta em C79
28 nao esta em C79
397 nao esta em C79
930 nao esta em C79
693 nao esta em C79
596 nao esta em C79
657 nao esta em C79
448 nao esta em C79
544 nao esta em C79
3 nao esta em C79
780 nao esta em C79
513 nao esta em C79
330 nao esta em C79
430 nao esta em C79
211 nao esta em C79
368 nao esta em C79
228 nao esta em C79
674 nao esta em C79
175 nao esta em C79
161 nao esta em C79
98 nao esta em C79
403 nao esta em C79
972 nao esta em C79
537 nao esta em C79
227 nao esta em C79
760 nao esta em C79
359 nao esta em C79
839 esta em C79
728 esta em C79
666 esta em C79
346 esta em C79
269 esta em C79
234 esta em C79
456 esta em C79
476 esta em C79
401 esta em C79
775 esta em C79
255 esta em C79
524 esta em C79
471 esta em C79
816 esta em C79
404 esta em C79
738 esta em C79
154 esta em C79
58 esta em C79
293 esta em C79
338 esta em C79
387 esta em C79
382 esta em C79
76 esta em C79
485 esta em C79
580 esta em C79
426 esta em C79
506 esta em C79
457 esta em C79
40 esta em C79
588 nao esta em C80
546 nao esta em C80
8 nao esta em C80
796 nao esta em C80
266 nao esta em C80
877 nao esta em C80
562 nao esta em C80
44 nao esta em C80
429 nao esta em C80
249 nao esta em C80
265 nao esta em C80
772 nao esta em C80
172 esta em C80
159 esta em C80
391 esta em C80
684 esta em C80
743 esta em C80
503 esta em C80
56 esta em C80
424 esta em C80
325 esta em C80
314 esta em C80
915 esta em C80
167 esta em C80
130 nao esta em C81
824 nao esta em C81
376 nao esta em C81
755 nao esta em C81
237 nao esta em C81
580 nao esta em C81
831 nao esta em C81
433 nao esta em C81
233 nao esta em C81
483 nao esta em C81
337 nao esta em C81
389 nao esta em C81
749 nao esta em C81
223 nao esta em C81
126 nao esta em C81
622 nao esta em C81
634 nao esta em C81
235 nao esta em C81
341 nao esta em C81
695 nao esta em C81
48 nao esta em C81
281 nao esta em C81
490 esta em C81
804 esta em C81
20 esta em C81
125 esta em C81
509 esta em C81
391 esta em C81
862 esta em C81
458 esta em C81
299 esta em C81
780 esta em C81
66 esta em C81
991 esta em C81
877 esta em C81
64 esta em C81
290 esta em C81
855 esta em C81
536 esta em C81
879 esta em C81
899 esta em C81
489 esta em C81
25 esta em C81
528 esta em C81
875 nao esta em C82
175 nao esta em C82
833 nao esta em C82
813 nao esta em C82
482 nao esta em C82
867 nao esta em C82
231 nao esta em C82
454 nao esta em C82
849 nao esta em C82
709 nao esta em C82
5 nao esta em C82
199 nao esta em C82
485 nao esta em C82
657 nao esta em C82
535 nao esta em C82
583 nao esta em C82
881 nao esta em C82
506 nao esta em C82
997 nao esta em C82
809 nao esta em C82
974 nao esta em C82
425 nao esta em C82
554 nao esta em C82
679 nao esta em C82
69 nao esta em C82
313 nao esta em C82
625 nao esta em C82
523 nao esta em C82
87 nao esta em C82
683 nao esta em C82
499 nao esta em C82
112 nao esta em C82
75 nao esta em C82
94 nao esta em C82
785 nao esta em C82
644 nao esta em C82
913 esta em C82
901 esta em C82
212 esta em C82
733 esta em C82
950 esta em C82
467 esta em C82
742 esta em C82
216 esta em C82
762 esta em C82
970 esta em C82
273 esta em C82
6 esta em C82
325 esta em C82
136 esta em C82
196 esta em C82
11 esta em C82
131 esta em C82
746 esta em C82
884 esta em C82
70 esta em C82
689 esta em C82
886 esta em C82
303 esta em C82
125 esta em C82
329 esta em C82
969 esta em C82
810 esta em C82
753 esta em C82
916 esta em C82
12 esta em C82
905 esta em C82
694 esta em C82
120 esta em C82
475 esta em C82
495 esta em C82
343 nao esta em C83
339 nao esta em C83
699 nao esta em C83
951 nao esta em C83
793 nao esta em C83
126 nao esta em C83
970 nao esta em C83
581 nao esta em C83
108 nao esta em C83
655 nao esta em C83
691 nao esta em C83
812 nao esta em C83
225 esta em C83
395 esta em C83
73 esta em C83
707 esta em C83
851 esta em C83
195 esta em C83
445 esta em C83
388 esta em C83
629 esta em C83
743 esta em C83
384 esta em C83
543 esta em C83
701 nao esta em C84
790 nao esta em C84
193 nao esta em C84
988 nao esta em C84
474 nao esta em C84
628 nao esta em C84
975 nao esta em C84
909 nao esta em C84
854 nao esta em C84
883 nao esta em C84
983 nao esta em C84
656 nao esta em C84
940 nao esta em C84
446 nao esta em C84
560 nao esta em C84
265 nao esta em C84
928 nao esta em C84
66 nao esta em C84
938 nao esta em C84
412 nao esta em C84
468 nao esta em C84
654 nao esta em C84
538 nao esta em C84
472 nao esta em C84
444 nao esta em C84
778 nao esta em C84
997 nao esta em C84
822 nao esta em C84
984 nao esta em C84
419 nao esta em C84
610 nao esta em C84
296 nao esta em C84
920 nao esta em C84
398 nao esta em C84
100 nao esta em C84
546 nao esta em C84
805 nao esta em C84
53 nao esta em C84
929 nao esta em C84
886 nao esta em C84
236 nao esta em C84
267 nao esta em C84
180 nao esta em C84
580 nao esta em C84
157 nao esta em C84
724 nao esta em C84
549 nao esta em C84
764 nao esta em C84
284 esta em C84
414 esta em C84
646 esta em C84
381 esta em C84
268 esta em C84
742 esta em C84
550 esta em C84
302 esta em C84
817 esta em C84
642 esta em C84
0 esta em C84
453 esta em C84
40 esta em C84
365 esta em C84
181 esta em C84
667 esta em C84
490 esta em C84
612 esta em C84
407 esta em C84
301 esta em C84
697 esta em C84
773 esta em C84
760 esta em C84
751 esta em C84
800 esta em C84
890 esta em C84
322 esta em C84
161 esta em C84
204 esta em C84
880 esta em C84
896 esta em C84
507 esta em C84
567 esta em C84
974 esta em C84
5 esta em C84
88 esta em C84
521 esta em C84
695 esta em C84
332 esta em C84
374 esta em C84
495 esta em C84
36 esta em C84
961 esta em C84
203 esta em C84
609 esta em C84
771 esta em C84
540 esta em C84
541 esta em C84
684 nao esta em C85
632 nao esta em C85
603 nao esta em C85
619 nao esta em C85
588 nao esta em C85
406 nao esta em C85
975 nao esta em C85
993 nao esta em C85
988 nao esta em C85
823 nao esta em C85
420 nao esta em C85
964 nao esta em C85
608 nao esta em C85
927 nao esta em C85
184 nao esta em C85
535 nao esta em C85
912 nao esta em C85
546 nao esta em C85
280 nao esta em C85
49 nao esta em C85
637 nao esta em C85
156 nao esta em C85
212 nao esta em C85
5 nao esta em C85
935 nao esta em C85
676 nao esta em C85
201 nao esta em C85
615 nao esta em C85
694 nao esta em C85
934 nao esta em C85
851 nao esta em C85
441 nao esta em C85
57 nao esta em C85
411 nao esta em C85
160 nao esta em C85
519 nao esta em C85
245 nao esta em C85
705 nao esta em C85
306 nao esta em C85
633 nao esta em C85
647 nao esta em C85
584 nao esta em C85
929 nao esta em C85
860 nao esta em C85
155 nao esta em C85
265 esta em C85
720 esta em C85
613 esta em C85
838 esta em C85
188 esta em C85
532 esta em C85
216 esta em C85
881 esta em C85
712 esta em C85
674 esta em C85
436 esta em C85
153 esta em C85
243 esta em C85
365 esta em C85
315 esta em C85
597 esta em C85
258 esta em C85
10 esta em C85
60 esta em C85
433 esta em C85
351 esta em C85
596 esta em C85
812 esta em C85
50 esta em C85
294 esta em C85
910 esta em C85
607 esta em C85
526 esta em C85
399 esta em C85
560 esta em C85
973 esta em C85
77 esta em C85
722 esta em C85
890 esta em C85
550 esta em C85
127 esta em C85
146 esta em C85
629 esta em C85
797 esta em C85
786 esta em C85
754 esta em C85
872 esta em C85
310 esta em C85
318 esta em C85
705 nao esta em C86
673 nao esta em C87
82 nao esta em C87
131 nao esta em C87
628 nao esta em C87
395 nao esta em C87
928 nao esta em C87
401 nao esta em C87
971 nao esta em C87
830 nao esta em C87
150 nao esta em C87
242 nao esta em C87
436 nao esta em C87
678 nao esta em C87
711 nao esta em C87
229 nao esta em C87
779 nao esta em C87
461 nao esta em C87
697 nao esta em C87
861 nao esta em C87
929 nao esta em C87
878 nao esta em C87
753 nao esta em C87
593 nao esta em C87
825 nao esta em C87
262 nao esta em C87
443 nao esta em C87
911 nao esta em C87
590 nao esta em C87
498 nao esta em C87
91 nao esta em C87
329 nao esta em C87
933 nao esta em C87
319 nao esta em C87
294 nao esta em C87
637 nao esta em C87
621 nao esta em C87
324 nao esta em C87
603 nao esta em C87
782 nao esta em C87
809 nao esta em C87
935 nao esta em C87
372 nao esta em C87
127 nao esta em C87
163 nao esta em C87
883 nao esta em C87
816 nao esta em C87
798 nao esta em C87
458 nao esta em C87
954 nao esta em C87
404 esta em C87
497 esta em C87
341 esta em C87
869 esta em C87
220 esta em C87
98 esta em C87
65 esta em C87
791 esta em C87
707 esta em C87
363 esta em C87
367 esta em C87
562 esta em C87
85 esta em C87
987 esta em C87
366 esta em C87
235 esta em C87
889 esta em C87
634 esta em C87
924 esta em C87
755 esta em C87
189 esta em C87
206 esta em C87
553 esta em C87
432 esta em C87
76 esta em C87
471 esta em C87
882 esta em C87
35 esta em C87
99 esta em C87
890 esta em C87
384 esta em C87
509 esta em C87
0 esta em C87
252 esta em C87
872 esta em C87
20 esta em C87
726 esta em C87
876 esta em C87
741 esta em C87
26 esta em C87
666 esta em C87
874 esta em C87
210 esta em C87
438 esta em C87
72 esta em C87
986 esta em C87
737 esta em C87
68 esta em C87
218 nao esta em C88
988 nao esta em C88
965 nao esta em C88
901 nao esta em C88
743 nao esta em C88
669 nao esta em C88
761 esta em C88
607 esta em C88
166 esta em C88
962 esta em C88
310 esta em C88
36 nao esta em C89
429 nao esta em C89
693 nao esta em C89
378 nao esta em C89
501 nao esta em C89
328 nao esta em C89
683 nao esta em C89
754 nao esta em C89
538 nao esta em C89
318 nao esta em C89
813 nao esta em C89
772 nao esta em C89
943 nao esta em C89
596 nao esta em C89
436 nao esta em C89
197 nao esta em C89
363 nao esta em C89
497 nao esta em C89
485 nao esta em C89
420 nao esta em C89
325 nao esta em C89
673 nao esta em C89
105 nao esta em C89
562 nao esta em C89
566 nao esta em C89
121 nao esta em C89
608 nao esta em C89
38 nao esta em C89
114 nao esta em C89
598 nao esta em C89
335 nao esta em C89
563 nao esta em C89
9 nao esta em C89
229 nao esta em C89
989 nao esta em C89
825 nao esta em C89
184 nao esta em C89
903 nao esta em C89
559 nao esta em C89
862 nao esta em C89
395 nao esta em C89
863 nao esta em C89
516 nao esta em C89
263 nao esta em C89
239 nao esta em C89
4 nao esta em C89
424 nao esta em C89
864 nao esta em C89
338 nao esta em C89
509 nao esta em C89
70 esta em C89
370 esta em C89
352 esta em C89
228 esta em C89
792 esta em C89
806 esta em C89
554 esta em C89
975 esta em C89
503 esta em C89
807 esta em C89
869 esta em C89
638 esta em C89
95 esta em C89
119 esta em C89
495 esta em C89
381 esta em C89
979 esta em C89
818 esta em C89
285 esta em C89
726 esta em C89
270 esta em C89
931 esta em C89
251 esta em C89
161 esta em C89
110 esta em C89
951 esta em C89
274 esta em C89
898 esta em C89
657 esta em C89
940 esta em C89
973 esta em C89
548 esta em C89
735 esta em C89
896 esta em C89
438 esta em C89
604 esta em C89
250 esta em C89
679 esta em C89
511 esta em C89
25 esta em C89
707 esta em C89
54 esta em C89
826 esta em C89
296 esta em C89
406 esta em C89
404 esta em C89
76 esta em C89
101 esta em C89
322 esta em C89
679 nao esta em C90
128 nao esta em C90
806 nao esta em C90
30 nao esta em C90
879 nao esta em C90
507 nao esta em C90
910 nao esta em C90
340 nao esta em C90
205 nao esta em C90
916 nao esta em C90
948 nao esta em C90
152 nao esta em C90
900 nao esta em C90
841 nao esta em C90
291 nao esta em C90
924 nao esta em C90
698 nao esta em C90
687 nao esta em C90
456 nao esta em C90
905 esta em C90
131 esta em C90
346 esta em C90
497 esta em C90
313 esta em C90
255 esta em C90
538 esta em C90
855 esta em C90
182 esta em C90
103 esta em C90
616 esta em C90
956 esta em C90
893 esta em C90
330 esta em C90
483 esta em C90
220 esta em C90
338 esta em C90
262 esta em C90
709 nao esta em C91
857 nao esta em C91
995 nao esta em C91
264 nao esta em C91
235 nao esta em C91
126 nao esta em C91
613 nao esta em C91
168 nao esta em C91
441 nao esta em C91
368 nao esta em C91
430 nao esta em C91
339 nao esta em C91
419 nao esta em C91
240 nao esta em C91
55 nao esta em C91
99 nao esta em C91
573 nao esta em C91
161 nao esta em C91
804 nao esta em C91
701 nao esta em C91
17 nao esta em C91
239 nao esta em C91
758 nao esta em C91
335 nao esta em C91
849 nao esta em C91
184 nao esta em C91
475 nao esta em C91
850 nao esta em C91
492 nao esta em C91
802 nao esta em C91
685 nao esta em C91
471 nao esta em C91
744 nao esta em C91
949 nao esta em C91
906 nao esta em C91
773 nao esta em C91
236 nao esta em C91
232 nao esta em C91
175 nao esta em C91
95 nao esta em C91
673 nao esta em C91
927 nao esta em C91
309 nao esta em C91
518 nao esta em C91
715 nao esta em C91
592 esta em C91
354 esta em C91
163 esta em C91
803 esta em C91
982 esta em C91
470 esta em C91
721 esta em C91
221 esta em C91
537 esta em C91
93 esta em C91
303 esta em C91
557 esta em C91
479 esta em C91
954 esta em C91
838 esta em C91
444 esta em C91
365 esta em C91
568 esta em C91
660 esta em C91
941 esta em C91
69 esta em C91
700 esta em C91
820 esta em C91
627 esta em C91
746 esta em C91
761 esta em C91
886 esta em C91
616 esta em C91
464 esta em C91
649 esta em C91
781 esta em C91
208 esta em C91
692 esta em C91
908 esta em C91
845 esta em C91
647 esta em C91
400 esta em C91
898 esta em C91
313 esta em C91
632 esta em C91
599 esta em C91
253 esta em C91
442 esta em C91
73 esta em C91
670 nao esta em C92
552 nao esta em C92
945 nao esta em C92
570 nao esta em C92
83 nao esta em C92
923 nao esta em C92
78 nao esta em C92
624 nao esta em C92
374 nao esta em C92
36 nao esta em C92
293 nao esta em C92
273 nao esta em C92
416 nao esta em C92
740 nao esta em C92
513 nao esta em C92
519 nao esta em C92
159 nao esta em C92
749 nao esta em C92
627 nao esta em C92
427 nao esta em C92
827 nao esta em C92
287 nao esta em C92
672 nao esta em C92
452 nao esta em C92
295 nao esta em C92
137 nao esta em C92
571 nao esta em C92
892 nao esta em C92
9 nao esta em C92
916 nao esta em C92
819 nao esta em C92
768 nao esta em C92
346 nao esta em C92
72 nao esta em C92
675 nao esta em C92
435 nao esta em C92
216 nao esta em C92
921 nao esta em C92
865 nao esta em C92
74 nao esta em C92
478 nao esta em C92
76 nao esta em C92
135 nao esta em C92
656 nao esta em C92
604 esta em C92
662 esta em C92
49 esta em C92
537 esta em C92
834 esta em C92
902 esta em C92
708 esta em C92
488 esta em C92
661 esta em C92
531 esta em C92
82 esta em C92
725 esta em C92
808 esta em C92
536 esta em C92
516 esta em C92
28 esta em C92
22 esta em C92
878 esta em C92
928 esta em C92
764 esta em C92
855 esta em C92
572 esta em C92
716 esta em C92
888 esta em C92
544 esta em C92
964 esta em C92
423 esta em C92
922 esta em C92
411 esta em C92
100 esta em C92
361 esta em C92
154 esta em C92
10 esta em C92
814 esta em C92
415 esta em C92
43 esta em C92
918 esta em C92
240 esta em C92
809 esta em C92
371 esta em C92
925 esta em C92
51 esta em C92
742 esta em C92
64 nao esta em C93
200 nao esta em C93
781 nao esta em C93
560 nao esta em C93
347 nao esta em C93
691 nao esta em C93
121 nao esta em C93
754 nao esta em C93
466 nao esta em C93
544 nao esta em C93
762 nao esta em C93
592 nao esta em C93
457 nao esta em C93
413 nao esta em C93
921 nao esta em C93
705 nao esta em C93
549 nao esta em C93
730 nao esta em C93
578 nao esta em C93
735 nao esta em C93
881 nao esta em C93
7 nao esta em C93
971 nao esta em C93
916 nao esta em C93
323 nao esta em C93
543 nao esta em C93
439 nao esta em C93
14 nao esta em C93
603 nao esta em C93
646 nao esta em C93
108 nao esta em C93
314 nao esta em C93
225 nao esta em C93
39 nao esta em C93
863 nao esta em C93
890 esta em C93
598 esta em C93
914 esta em C93
731 esta em C93
858 esta em C93
106 esta em C93
423 esta em C93
516 esta em C93
76 esta em C93
248 esta em C93
949 esta em C93
425 esta em C93
950 esta em C93
256 esta em C93
69 esta em C93
345 esta em C93
545 esta em C93
128 esta em C93
2 esta em C93
535 esta em C93
67 esta em C93
793 esta em C93
398 esta em C93
112 esta em C93
434 esta em C93
655 esta em C93
9 esta em C93
267 esta em C93
170 esta em C93
231 esta em C93
353 esta em C93
658 esta em C93
130 esta em C93
927 esta em C93
741 nao esta em C94
587 nao esta em C94
401 nao esta em C94
825 nao esta em C94
404 nao esta em C94
226 nao esta em C94
648 nao esta em C94
11 nao esta em C94
551 nao esta em C94
489 nao esta em C94
619 nao esta em C94
493 nao esta em C94
264 nao esta em C94
231 nao esta em C94
840 nao esta em C94
925 nao esta em C94
10 nao esta em C94
488 nao esta em C94
347 nao esta em C94
215 nao esta em C94
272 nao esta em C94
354 nao esta em C94
909 nao esta em C94
779 nao esta em C94
829 nao esta em C94
836 nao esta em C94
887 nao esta em C94
861 nao esta em C94
23 nao esta em C94
48 nao esta em C94
857 nao esta em C94
133 nao esta em C94
417 nao esta em C94
435 nao esta em C94
559 nao esta em C94
698 nao esta em C94
804 nao esta em C94
292 nao esta em C94
504 nao esta em C94
503 nao esta em C94
892 nao esta em C94
558 nao esta em C94
467 nao esta em C94
39 nao esta em C94
356 esta em C94
989 esta em C94
998 esta em C94
162 esta em C94
322 esta em C94
756 esta em C94
468 esta em C94
540 esta em C94
490 esta em C94
446 esta em C94
727 esta em C94
212 esta em C94
16 esta em C94
177 esta em C94
510 esta em C94
140 esta em C94
159 esta em C94
870 esta em C94
232 esta em C94
374 esta em C94
578 esta em C94
463 esta em C94
472 esta em C94
599 esta em C94
723 esta em C94
580 esta em C94
42 esta em C94
759 esta em C94
753 esta em C94
823 esta em C94
525 esta em C94
994 esta em C94
418 esta em C94
682 esta em C94
544 esta em C94
448 esta em C94
798 esta em C94
237 esta em C94
485 esta em C94
433 esta em C94
569 esta em C94
429 esta em C94
617 esta em C94
977 esta em C94
831 nao esta em C95
46 nao esta em C95
492 nao esta em C95
987 nao esta em C95
937 nao esta em C95
514 nao esta em C95
938 nao esta em C95
243 nao esta em C95
143 nao esta em C95
109 nao esta em C95
681 nao esta em C95
529 nao esta em C95
538 nao esta em C95
208 nao esta em C95
285 nao esta em C95
187 nao esta em C95
667 nao esta em C95
329 nao esta em C95
915 nao esta em C95
473 nao esta em C95
198 nao esta em C95
572 nao esta em C95
281 nao esta em C95
863 nao esta em C95
549 esta em C95
955 esta em C95
649 esta em C95
535 esta em C95
826 esta em C95
261 esta em C95
122 esta em C95
779 esta em C95
159 esta em C95
413 esta em C95
565 esta em C95
113 esta em C95
250 esta em C95
601 esta em C95
286 esta em C95
761 esta em C95
603 esta em C95
974 esta em C95
434 esta em C95
573 esta em C95
200 esta em C95
680 esta em C95
308 esta em C95
949 esta em C95
137 nao esta em C96
579 nao esta em C96
912 nao esta em C96
390 nao esta em C96
430 nao esta em C96
489 nao esta em C96
305 nao esta em C96
970 nao esta em C96
4 nao esta em C96
16 nao esta em C96
19 nao esta em C96
455 nao esta em C96
61 nao esta em C96
421 nao esta em C96
871 nao esta em C96
249 nao esta em C96
672 nao esta em C96
752 nao esta em C96
682 nao esta em C96
306 nao esta em C96
135 nao esta em C96
720 nao esta em C96
128 nao esta em C96
537 nao esta em C96
491 nao esta em C96
184 nao esta em C96
194 nao esta em C96
364 nao esta em C96
62 nao esta em C96
346 nao esta em C96
978 nao esta em C96
301 nao esta em C96
462 nao esta em C96
198 nao esta em C96
52 nao esta em C96
719 nao esta em C96
391 nao esta em C96
508 nao esta em C96
729 nao esta em C96
355 nao esta em C96
545 nao esta em C96
174 nao esta em C96
611 nao esta em C96
71 nao esta em C96
895 nao esta em C96
588 nao esta em C96
277 nao esta em C96
584 esta em C96
975 esta em C96
381 esta em C96
594 esta em C96
799 esta em C96
25 esta em C96
103 esta em C96
787 esta em C96
85 esta em C96
98 esta em C96
716 esta em C96
164 esta em C96
748 esta em C96
386 esta em C96
493 esta em C96
210 esta em C96
755 esta em C96
721 esta em C96
772 esta em C96
375 esta em C96
582 esta em C96
147 esta em C96
621 esta em C96
628 esta em C96
928 esta em C96
831 esta em C96
307 esta em C96
756 esta em C96
562 esta em C96
168 esta em C96
868 esta em C96
348 esta em C96
90 esta em C96
126 esta em C96
934 esta em C96
495 esta em C96
608 esta em C96
83 esta em C96
424 esta em C96
957 esta em C96
981 esta em C96
190 esta em C96
244 esta em C96
459 esta em C96
252 esta em C96
581 esta em C96
129 esta em C96
394 nao esta em C97
856 nao esta em C97
433 nao esta em C97
759 nao esta em C97
543 nao esta em C97
848 nao esta em C97
455 nao esta em C97
819 esta em C97
830 esta em C97
690 esta em C97
813 esta em C97
90 esta em C97
370 esta em C97
851 esta em C97
127 nao esta em C98
978 nao esta em C98
511 nao esta em C98
244 nao esta em C98
111 nao esta em C98
983 nao esta em C98
926 nao esta em C98
693 nao esta em C98
401 nao esta em C98
414 nao esta em C98
936 nao esta em C98
786 nao esta em C98
136 nao esta em C98
767 nao esta em C98
799 nao esta em C98
313 nao esta em C98
266 nao esta em C98
299 nao esta em C98
264 nao esta em C98
70 nao esta em C98
932 nao esta em C98
974 nao esta em C98
828 nao esta em C98
73 nao esta em C98
272 nao esta em C98
545 nao esta em C98
309 nao esta em C98
288 nao esta em C98
608 nao esta em C98
376 nao esta em C98
378 nao esta em C98
997 nao esta em C98
979 nao esta em C98
133 nao esta em C98
491 nao esta em C98
586 nao esta em C98
570 nao esta em C98
674 nao esta em C98
282 nao esta em C98
7 nao esta em C98
383 nao esta em C98
182 nao esta em C98
695 nao esta em C98
911 nao esta em C98
813 nao esta em C98
899 nao esta em C98
100 nao esta em C98
958 nao esta em C98
778 nao esta em C98
976 esta em C98
891 esta em C98
208 esta em C98
290 esta em C98
465 esta em C98
603 esta em C98
571 esta em C98
535 esta em C98
425 esta em C98
676 esta em C98
512 esta em C98
950 esta em C98
27 esta em C98
977 esta em C98
750 esta em C98
91 esta em C98
488 esta em C98
359 esta em C98
551 esta em C98
237 esta em C98
28 esta em C98
742 esta em C98
363 esta em C98
604 esta em C98
981 esta em C98
992 esta em C98
959 esta em C98
392 esta em C98
721 esta em C98
215 esta em C98
441 esta em C98
62 esta em C98
160 esta em C98
972 esta em C98
4 esta em C98
765 esta em C98
8 esta em C98
168 esta em C98
3 esta em C98
509 esta em C98
357 esta em C98
117 esta em C98
501 esta em C98
725 esta em C98
740 esta em C98
455 esta em C98
228 esta em C98
534 esta em C98
16 nao esta em C99
619 nao esta em C99
516 nao esta em C99
41 nao esta em C99
639 nao esta em C99
279 nao esta em C99
855 nao esta em C99
393 nao esta em C99
756 nao esta em C99
520 nao esta em C99
568 nao esta em C99
98 nao esta em C99
496 nao esta em C99
655 nao esta em C99
252 nao esta em C99
681 nao esta em C99
768 nao esta em C99
117 nao esta em C99
67 nao esta em C99
936 nao esta em C99
839 nao esta em C99
773 nao esta em C99
753 nao esta em C99
439 nao esta em C99
168 nao esta em C99
809 nao esta em C99
259 nao esta em C99
748 nao esta em C99
345 nao esta em C99
46 esta em C99
60 esta em C99
617 esta em C99
438 esta em C99
853 esta em C99
902 esta em C99
641 esta em C99
555 esta em C99
338 esta em C99
470 esta em C99
87 esta em C99
240 esta em C99
167 esta em C99
699 esta em C99
128 esta em C99
653 esta em C99
894 esta em C99
955 esta em C99
881 esta em C99
23 esta em C99
819 esta em C99
906 esta em C99
935 esta em C99
397 esta em C99
885 esta em C99
882 esta em C99
234 esta em C99
836 esta em C99
108 esta em C99
503 nao esta em C100
135 nao esta em C100
764 nao esta em C100
89 nao esta em C100
780 nao esta em C100
783 nao esta em C100
8 nao esta em C100
297 nao esta em C100
353 nao esta em C100
653 nao esta em C100
70 nao esta em C100
326 nao esta em C100
734 nao esta em C100
584 nao esta em C100
19 nao esta em C100
242 nao esta em C100
186 nao esta em C100
296 nao esta em C100
365 nao esta em C100
786 nao esta em C100
331 nao esta em C100
390 nao esta em C100
681 nao esta em C100
657 nao esta em C100
641 nao esta em C100
928 nao esta em C100
534 nao esta em C100
748 nao esta em C100
172 nao esta em C100
304 nao esta em C100
464 nao esta em C100
432 esta em C100
141 esta em C100
216 esta em C100
722 esta em C100
453 esta em C100
659 esta em C100
726 esta em C100
206 esta em C100
741 esta em C100
409 esta em C100
78 esta em C100
562 esta em C100
233 esta em C100
775 esta em C100
550 esta em C100
96 esta em C100
338 esta em C100
838 esta em C100
815 esta em C100
647 esta em C100
198 esta em C100
428 esta em C100
162 esta em C100
288 esta em C100
648 esta em C100
808 esta em C100
645 esta em C100
929 esta em C100
944 esta em C100
0 esta em C100
153 nao esta em C101
278 nao esta em C101
7 nao esta em C101
968 nao esta em C101
502 nao esta em C101
107 nao esta em C101
1 nao esta em C101
327 nao esta em C101
590 nao esta em C101
832 nao esta em C101
899 nao esta em C101
947 nao esta em C101
465 nao esta em C101
617 nao esta em C101
126 nao esta em C101
158 nao esta em C101
880 nao esta em C101
173 nao esta em C101
843 nao esta em C101
934 nao esta em C101
200 esta em C101
603 esta em C101
297 esta em C101
39 esta em C101
493 esta em C101
483 esta em C101
94 esta em C101
977 esta em C101
8 esta em C101
129 esta em C101
571 esta em C101
356 esta em C101
295 esta em C101
870 esta em C101
815 esta em C101
393 esta em C101
316 esta em C101
667 esta em C101
723 esta em C101
235 esta em C101
856 nao esta em C102
763 nao esta em C102
949 nao esta em C102
827 nao esta em C102
969 nao esta em C102
675 nao esta em C102
855 nao esta em C102
667 nao esta em C102
558 nao esta em C102
838 nao esta em C102
261 nao esta em C102
808 nao esta em C102
927 nao esta em C102
920 nao esta em C102
31 nao esta em C102
572 nao esta em C102
436 nao esta em C102
498 nao esta em C102
839 nao esta em C102
977 nao esta em C102
341 nao esta em C102
159 nao esta em C102
186 nao esta em C102
533 esta em C102
182 esta em C102
240 esta em C102
152 esta em C102
742 esta em C102
258 esta em C102
668 esta em C102
471 esta em C102
303 esta em C102
38 esta em C102
323 esta em C102
129 esta em C102
872 esta em C102
764 esta em C102
251 esta em C102
635 esta em C102
368 esta em C102
704 esta em C102
539 esta em C102
317 esta em C102
219 esta em C102
630 esta em C102
774 esta em C102
787 nao esta em C103
295 nao esta em C103
641 nao esta em C103
207 nao esta em C103
797 nao esta em C103
170 nao esta em C103
739 esta em C103
963 esta em C103
474 esta em C103
186 esta em C103
901 esta em C103
848 esta em C103
794 nao esta em C104
670 nao esta em C104
612 nao esta em C104
512 nao esta em C104
276 nao esta em C104
748 nao esta em C104
139 nao esta em C104
803 nao esta em C104
759 nao esta em C104
543 nao esta em C104
23 nao esta em C104
130 nao esta em C104
683 nao esta em C104
201 nao esta em C104
560 nao esta em C104
966 nao esta em C104
495 nao esta em C104
35 nao esta em C104
378 nao esta em C104
845 nao esta em C104
630 nao esta em C104
946 nao esta em C104
182 nao esta em C104
293 nao esta em C104
230 nao esta em C104
359 nao esta em C104
973 nao esta em C104
335 nao esta em C104
784 nao esta em C104
486 nao esta em C104
510 nao esta em C104
298 nao esta em C104
552 nao esta em C104
599 nao esta em C104
346 nao esta em C104
74 nao esta em C104
645 nao esta em C104
294 nao esta em C104
505 nao esta em C104
226 nao esta em C104
890 nao esta em C104
835 nao esta em C104
548 nao esta em C104
934 nao esta em C104
448 nao esta em C104
22 nao esta em C104
38 nao esta em C104
467 esta em C104
498 esta em C104
161 esta em C104
377 esta em C104
475 esta em C104
663 esta em C104
458 esta em C104
879 esta em C104
56 esta em C104
357 esta em C104
224 esta em C104
412 esta em C104
2 esta em C104
340 esta em C104
818 esta em C104
564 esta em C104
756 esta em C104
665 esta em C104
208 esta em C104
718 esta em C104
371 esta em C104
811 esta em C104
814 esta em C104
655 esta em C104
440 esta em C104
287 esta em C104
481 esta em C104
741 esta em C104
239 esta em C104
232 esta em C104
427 esta em C104
111 esta em C104
546 esta em C104
990 esta em C104
987 esta em C104
153 esta em C104
213 esta em C104
849 esta em C104
123 esta em C104
25 esta em C104
416 esta em C104
900 esta em C104
480 esta em C104
562 esta em C104
954 esta em C104
536 esta em C104
830 nao esta em C105
726 nao esta em C105
904 nao esta em C105
491 nao esta em C105
40 nao esta em C105
406 nao esta em C105
798 nao esta em C105
917 nao esta em C105
953 nao esta em C105
916 nao esta em C105
215 nao esta em C105
804 nao esta em C105
180 nao esta em C105
337 nao esta em C105
93 nao esta em C105
789 nao esta em C105
62 nao esta em C105
795 nao esta em C105
451 nao esta em C105
656 nao esta em C105
464 nao esta em C105
984 nao esta em C105
193 nao esta em C105
494 nao esta em C105
465 esta em C105
33 esta em C105
56 esta em C105
515 esta em C105
400 esta em C105
435 esta em C105
545 esta em C105
145 esta em C105
839 esta em C105
234 esta em C105
331 esta em C105
649 esta em C105
238 esta em C105
428 esta em C105
19 esta em C105
529 esta em C105
208 esta em C105
186 esta em C105
809 esta em C105
364 esta em C105
339 esta em C105
421 esta em C105
328 esta em C105
969 nao esta em C106
449 nao esta em C106
823 nao esta em C106
546 nao esta em C106
191 nao esta em C106
946 nao esta em C106
780 nao esta em C106
707 nao esta em C106
961 nao esta em C106
139 nao esta em C106
364 nao esta em C106
627 nao esta em C106
452 nao esta em C106
446 nao esta em C106
764 nao esta em C106
903 nao esta em C106
574 nao esta em C106
70 nao esta em C106
181 nao esta em C106
932 nao esta em C106
573 nao esta em C106
776 nao esta em C106
721 nao esta em C106
378 nao esta em C106
738 nao esta em C106
922 nao esta em C106
814 nao esta em C106
348 nao esta em C106
677 nao esta em C106
388 nao esta em C106
61 nao esta em C106
458 nao esta em C106
125 nao esta em C106
483 nao esta em C106
773 nao esta em C106
249 nao esta em C106
890 nao esta em C106
44 nao esta em C106
671 nao esta em C106
230 nao esta em C106
265 nao esta em C106
453 nao esta em C106
599 nao esta em C106
211 esta em C106
996 esta em C106
193 esta em C106
150 esta em C106
768 esta em C106
683 esta em C106
789 esta em C106
355 esta em C106
335 esta em C106
416 esta em C106
10 esta em C106
235 esta em C106
317 esta em C106
962 esta em C106
732 esta em C106
185 esta em C106
136 esta em C106
381 esta em C106
39 esta em C106
999 esta em C106
155 esta em C106
385 esta em C106
653 esta em C106
592 esta em C106
468 esta em C106
372 esta em C106
614 esta em C106
919 esta em C106
126 esta em C106
11 esta em C106
678 esta em C106
539 esta em C106
50 esta em C106
681 esta em C106
232 esta em C106
927 esta em C106
602 esta em C106
347 esta em C106
85 esta em C106
942 esta em C106
808 esta em C106
384 esta em C106
448 esta em C106
586 nao esta em C107
686 nao esta em C107
91 nao esta em C107
124 nao esta em C107
110 nao esta em C107
642 nao esta em C107
62 nao esta em C107
486 nao esta em C107
862 nao esta em C107
152 nao esta em C107
456 nao esta em C107
831 nao esta em C107
230 nao esta em C107
905 nao esta em C107
661 nao esta em C107
16 nao esta em C107
383 nao esta em C107
462 nao esta em C107
833 nao esta em C107
650 nao esta em C107
924 esta em C107
212 esta em C107
395 esta em C107
960 esta em C107
734 esta em C107
910 esta em C107
384 esta em C107
297 esta em C107
483 esta em C107
353 esta em C107
957 esta em C107
551 esta em C107
215 esta em C107
490 esta em C107
43 esta em C107
277 esta em C107
543 esta em C107
838 esta em C107
361 esta em C107
188 nao esta em C108
711 nao esta em C108
911 nao esta em C108
251 nao esta em C108
722 nao esta em C108
29 nao esta em C108
716 nao esta em C108
62 nao esta em C108
797 nao esta em C108
905 nao esta em C108
80 nao esta em C108
301 esta em C108
907 esta em C108
810 esta em C108
709 esta em C108
764 esta em C108
293 esta em C108
85 esta em C108
809 esta em C108
94 esta em C108
254 esta em C108
88 esta em C108
401 nao esta em C109
170 nao esta em C109
677 nao esta em C109
988 nao esta em C109
629 nao esta em C109
426 nao esta em C109
712 nao esta em C109
632 nao esta em C109
428 nao esta em C109
691 nao esta em C109
809 nao esta em C109
297 nao esta em C109
413 nao esta em C109
123 nao esta em C109
66 nao esta em C109
905 nao esta em C109
315 nao esta em C109
491 nao esta em C109
230 nao esta em C109
892 nao esta em C109
789 nao esta em C109
485 nao esta em C109
931 nao esta em C109
599 nao esta em C109
168 nao esta em C109
522 nao esta em C109
602 nao esta em C109
451 nao esta em C109
280 nao esta em C109
889 nao esta em C109
942 nao esta em C109
669 nao esta em C109
453 nao esta em C109
704 nao esta em C109
244 nao esta em C109
577 nao esta em C109
912 nao esta em C109
583 nao esta em C109
697 nao esta em C109
153 esta em C109
516 esta em C109
510 esta em C109
609 esta em C109
788 esta em C109
229 esta em C109
866 esta em C109
178 esta em C109
211 esta em C109
127 esta em C109
142 esta em C109
205 esta em C109
579 esta em C109
475 esta em C109
684 esta em C109
610 esta em C109
896 esta em C109
710 esta em C109
560 esta em C109
640 esta em C109
93 esta em C109
314 esta em C109
958 esta em C109
38 esta em C109
36 esta em C109
265 esta em C109
238 esta em C109
35 esta em C109
813 esta em C109
954 esta em C109
109 esta em C109
792 esta em C109
223 esta em C109
707 esta em C109
158 esta em C109
209 esta em C109
745 esta em C109
183 esta em C109
645 nao esta em C110
61 nao esta em C110
954 nao esta em C110
125 nao esta em C110
284 nao esta em C110
45 nao esta em C110
546 nao esta em C110
701 nao esta em C110
327 nao esta em C110
805 nao esta em C110
892 nao esta em C110
545 nao esta em C110
206 nao esta em C110
367 nao esta em C110
295 nao esta em C110
711 nao esta em C110
782 nao esta em C110
333 nao esta em C110
252 esta em C110
55 esta em C110
134 esta em C110
439 esta em C110
572 esta em C110
642 esta em C110
481 esta em C110
336 esta em C110
894 esta em C110
650 esta em C110
700 esta em C110
296 esta em C110
257 esta em C110
374 esta em C110
317 esta em C110
940 esta em C110
812 esta em C110
743 esta em C110
659 nao esta em C111
27 nao esta em C111
863 nao esta em C111
920 nao esta em C111
344 nao esta em C111
522 nao esta em C111
743 nao esta em C111
84 nao esta em C111
973 nao esta em C111
837 nao esta em C111
997 nao esta em C111
105 nao esta em C111
847 nao esta em C111
814 nao esta em C111
573 nao esta em C111
527 nao esta em C111
582 nao esta em C111
825 nao esta em C111
840 nao esta em C111
812 nao esta em C111
607 nao esta em C111
539 nao esta em C111
949 nao esta em C111
851 nao esta em C111
269 nao esta em C111
17 nao esta em C111
51 nao esta em C111
100 nao esta em C111
982 nao esta em C111
276 nao esta em C111
679 nao esta em C111
153 nao esta em C111
334 nao esta em C111
730 nao esta em C111
870 nao esta em C111
774 nao esta em C111
112 nao esta em C111
706 nao esta em C111
287 nao esta em C111
260 nao esta em C111
237 nao esta em C111
70 nao esta em C111
219 nao esta em C111
9 nao esta em C111
386 nao esta em C111
592 nao esta em C111
932 nao esta em C111
570 nao esta em C111
725 nao esta em C111
625 nao esta em C111
970 esta em C111
358 esta em C111
723 esta em C111
588 esta em C111
783 esta em C111
488 esta em C111
31 esta em C111
879 esta em C111
980 esta em C111
335 esta em C111
976 esta em C111
556 esta em C111
233 esta em C111
337 esta em C111
134 esta em C111
113 esta em C111
118 esta em C111
866 esta em C111
36 esta em C111
240 esta em C111
664 esta em C111
830 esta em C111
560 esta em C111
690 esta em C111
396 esta em C111
147 esta em C111
394 esta em C111
50 esta em C111
574 esta em C111
626 esta em C111
108 esta em C111
329 esta em C111
917 esta em C111
661 esta em C111
65 esta em C111
590 esta em C111
508 esta em C111
195 esta em C111
707 esta em C111
91 esta em C111
528 esta em C111
685 esta em C111
543 esta em C111
129 esta em C111
613 esta em C111
124 esta em C111
30 esta em C111
266 esta em C111
505 esta em C111
840 nao esta em C112
489 nao esta em C112
559 nao esta em C112
368 nao esta em C112
942 nao esta em C112
935 nao esta em C112
432 nao esta em C112
604 nao esta em C112
786 nao esta em C112
850 nao esta em C112
133 nao esta em C112
633 nao esta em C112
799 nao esta em C112
465 nao esta em C112
682 nao esta em C112
649 nao esta em C112
732 nao esta em C112
90 nao esta em C112
888 nao esta em C112
803 nao esta em C112
200 nao esta em C112
756 nao esta em C112
547 nao esta em C112
429 nao esta em C112
889 nao esta em C112
416 nao esta em C112
311 nao esta em C112
30 nao esta em C112
153 nao esta em C112
424 nao esta em C112
693 nao esta em C112
537 nao esta em C112
171 nao esta em C112
10 nao esta em C112
720 nao esta em C112
484 nao esta em C112
85 esta em C112
800 esta em C112
915 esta em C112
503 esta em C112
563 esta em C112
637 esta em C112
864 esta em C112
826 esta em C112
586 esta em C112
65 esta em C112
823 esta em C112
216 esta em C112
946 esta em C112
68 esta em C112
79 esta em C112
684 esta em C112
887 esta em C112
797 esta em C112
635 esta em C112
554 esta em C112
431 esta em C112
22 esta em C112
331 esta em C112
482 esta em C112
714 esta em C112
499 esta em C112
749 esta em C112
197 esta em C112
564 esta em C112
734 esta em C112
636 esta em C112
61 esta em C112
608 esta em C112
315 esta em C112
788 esta em C112
804 esta em C112
233 nao esta em C113
50 nao esta em C113
651 nao esta em C113
614 nao esta em C113
440 nao esta em C113
922 nao esta em C113
291 nao esta em C113
32 nao esta em C113
589 nao esta em C113
120 nao esta em C113
255 nao esta em C113
945 nao esta em C113
159 nao esta em C113
73 nao esta em C113
908 nao esta em C113
380 nao esta em C113
861 nao esta em C113
356 nao esta em C113
0 nao esta em C113
169 nao esta em C113
488 nao esta em C113
825 nao esta em C113
52 nao esta em C113
546 nao esta em C113
932 nao esta em C113
536 nao esta em C113
388 nao esta em C113
705 nao esta em C113
853 nao esta em C113
267 nao esta em C113
780 nao esta em C113
850 nao esta em C113
778 nao esta em C113
392 nao esta em C113
17 nao esta em C113
396 nao esta em C113
85 nao esta em C113
51 nao esta em C113
240 nao esta em C113
899 nao esta em C113
920 nao esta em C113
941 esta em C113
656 esta em C113
110 esta em C113
208 esta em C113
180 esta em C113
28 esta em C113
470 esta em C113
323 esta em C113
118 esta em C113
685 esta em C113
741 esta em C113
420 esta em C113
952 esta em C113
611 esta em C113
594 esta em C113
412 esta em C113
281 esta em C113
605 esta em C113
42 esta em C113
875 esta em C113
232 esta em C113
772 esta em C113
347 esta em C113
642 esta em C113
405 esta em C113
74 esta em C113
862 esta em C113
552 esta em C113
999 esta em C113
577 esta em C113
679 esta em C113
784 esta em C113
227 esta em C113
800 esta em C113
27 esta em C113
735 esta em C113
587 esta em C113
254 esta em C113
673 esta em C113
944 esta em C113
846 esta em C113
51 nao esta em C114
99 nao esta em C114
260 nao esta em C114
481 nao esta em C114
39 nao esta em C114
154 esta em C114
620 esta em C114
944 esta em C114
408 esta em C114
7 esta em C114
607 nao esta em C115
872 nao esta em C115
850 nao esta em C115
493 nao esta em C115
984 nao esta em C115
965 nao esta em C115
453 nao esta em C115
373 nao esta em C115
260 nao esta em C115
727 nao esta em C115
449 nao esta em C115
642 nao esta em C115
632 nao esta em C115
902 nao esta em C115
185 esta em C115
630 esta em C115
544 esta em C115
390 esta em C115
292 esta em C115
545 esta em C115
768 esta em C115
266 esta em C115
621 esta em C115
553 esta em C115
547 esta em C115
141 esta em C115
157 esta em C115
102 esta em C115
469 nao esta em C116
471 nao esta em C116
616 nao esta em C116
758 nao esta em C116
203 nao esta em C116
207 nao esta em C116
338 nao esta em C116
249 nao esta em C116
606 nao esta em C116
176 nao esta em C116
976 nao esta em C116
478 nao esta em C116
223 nao esta em C116
688 nao esta em C116
817 nao esta em C116
359 nao esta em C116
584 nao esta em C116
394 nao esta em C116
426 nao esta em C116
674 nao esta em C116
77 nao esta em C116
424 nao esta em C116
16 nao esta em C116
801 nao esta em C116
883 nao esta em C116
81 nao esta em C116
650 nao esta em C116
271 nao esta em C116
988 nao esta em C116
288 nao esta em C116
730 nao esta em C116
981 esta em C116
978 esta em C116
148 esta em C116
462 esta em C116
3 esta em C116
504 esta em C116
738 esta em C116
152 esta em C116
82 esta em C116
197 esta em C116
875 esta em C116
378 esta em C116
73 esta em C116
863 esta em C116
677 esta em C116
297 esta em C116
719 esta em C116
876 esta em C116
986 esta em C116
519 esta em C116
36 esta em C116
449 esta em C116
437 esta em C116
501 esta em C116
365 esta em C116
557 esta em C116
307 esta em C116
558 esta em C116
202 esta em C116
774 esta em C116
916 esta em C116
437 nao esta em C117
597 nao esta em C117
430 nao esta em C117
569 nao esta em C117
827 nao esta em C117
928 nao esta em C117
618 nao esta em C117
932 nao esta em C117
695 nao esta em C117
137 nao esta em C117
398 nao esta em C117
302 nao esta em C117
237 nao esta em C117
299 nao esta em C117
119 nao esta em C117
223 nao esta em C117
651 nao esta em C117
688 nao esta em C117
876 nao esta em C117
826 nao esta em C117
955 nao esta em C117
260 nao esta em C117
464 nao esta em C117
850 nao esta em C117
956 nao esta em C117
457 esta em C117
477 esta em C117
254 esta em C117
426 esta em C117
553 esta em C117
750 esta em C117
316 esta em C117
601 esta em C117
449 esta em C117
18 esta em C117
562 esta em C117
676 esta em C117
463 esta em C117
535 esta em C117
250 esta em C117
924 esta em C117
697 esta em C117
388 esta em C117
814 esta em C117
208 esta em C117
894 esta em C117
546 esta em C117
391 esta em C117
868 esta em C117
453 nao esta em C118
929 nao esta em C118
856 nao esta em C118
249 nao esta em C118
212 nao esta em C118
472 nao esta em C118
987 nao esta em C118
767 nao esta em C118
758 nao esta em C118
543 nao esta em C118
946 esta em C118
701 esta em C118
570 esta em C118
329 esta em C118
761 esta em C118
177 esta em C118
490 esta em C118
795 esta em C118
699 esta em C118
30 esta em C118
33 nao esta em C119
135 nao esta em C119
30 nao esta em C119
537 nao esta em C119
181 nao esta em C119
180 nao esta em C119
80 nao esta em C119
895 nao esta em C119
589 nao esta em C119
414 nao esta em C119
170 nao esta em C119
28 nao esta em C119
247 nao esta em C119
402 nao esta em C119
152 nao esta em C119
802 nao esta em C119
719 nao esta em C119
420 nao esta em C119
960 nao esta em C119
276 nao esta em C119
834 nao esta em C119
126 nao esta em C119
643 nao esta em C119
144 nao esta em C119
217 nao esta em C119
65 nao esta em C119
582 nao esta em C119
109 nao esta em C119
660 nao esta em C119
64 nao esta em C119
146 nao esta em C119
963 esta em C119
385 esta em C119
904 esta em C119
332 esta em C119
564 esta em C119
500 esta em C119
847 esta em C119
81 esta em C119
580 esta em C119
310 esta em C119
356 esta em C119
465 esta em C119
849 esta em C119
783 esta em C119
737 esta em C119
656 esta em C119
386 esta em C119
484 esta em C119
865 esta em C119
196 esta em C119
958 esta em C119
579 esta em C119
35 esta em C119
850 esta em C119
989 esta em C119
438 esta em C119
266 esta em C119
677 esta em C119
512 esta em C119
182 esta em C119
14 nao esta em C120
403 nao esta em C120
686 nao esta em C120
717 nao esta em C120
851 nao esta em C120
814 nao esta em C120
678 esta em C120
444 esta em C120
824 esta em C120
89 esta em C120
381 esta em C120
880 esta em C120
71 nao esta em C121
446 nao esta em C121
786 nao esta em C121
84 nao esta em C121
601 nao esta em C121
717 nao esta em C121
718 nao esta em C121
763 nao esta em C121
160 nao esta em C121
8 nao esta em C121
565 nao esta em C121
868 nao esta em C121
997 nao esta em C121
665 nao esta em C121
817 nao esta em C121
925 nao esta em C121
392 nao esta em C121
587 nao esta em C121
810 nao esta em C121
895 nao esta em C121
405 esta em C121
922 esta em C121
812 esta em C121
813 esta em C121
388 esta em C121
650 esta em C121
698 esta em C121
789 esta em C121
838 esta em C121
194 esta em C121
731 esta em C121
480 esta em C121
125 esta em C121
177 esta em C121
454 esta em C121
304 esta em C121
574 esta em C121
223 esta em C121
851 esta em C121
38 nao esta em C122
15 nao esta em C122
435 nao esta em C122
660 nao esta em C122
202 nao esta em C122
258 nao esta em C122
290 nao esta em C122
681 nao esta em C122
861 nao esta em C122
352 nao esta em C122
975 nao esta em C122
820 nao esta em C122
771 nao esta em C122
214 nao esta em C122
868 nao esta em C122
310 nao esta em C122
387 nao esta em C122
558 nao esta em C122
41 nao esta em C122
359 nao esta em C122
89 nao esta em C122
203 nao esta em C122
514 nao esta em C122
496 nao esta em C122
787 nao esta em C122
353 nao esta em C122
242 nao esta em C122
62 nao esta em C122
618 nao esta em C122
159 nao esta em C122
648 nao esta em C122
519 nao esta em C122
410 nao esta em C122
853 nao esta em C122
971 nao esta em C122
37 nao esta em C122
431 nao esta em C122
926 nao esta em C122
904 nao esta em C122
747 nao esta em C122
113 nao esta em C122
161 nao esta em C122
257 nao esta em C122
603 nao esta em C122
245 nao esta em C122
154 nao esta em C122
132 nao esta em C122
855 nao esta em C122
311 esta em C122
922 esta em C122
932 esta em C122
994 esta em C122
259 esta em C122
502 esta em C122
59 esta em C122
743 esta em C122
662 esta em C122
698 esta em C122
653 esta em C122
430 esta em C122
874 esta em C122
527 esta em C122
20 esta em C122
741 esta em C122
576 esta em C122
284 esta em C122
858 esta em C122
83 esta em C122
350 esta em C122
829 esta em C122
300 esta em C122
126 esta em C122
872 esta em C122
507 esta em C122
213 esta em C122
295 esta em C122
651 esta em C122
583 esta em C122
151 esta em C122
164 esta em C122
289 esta em C122
713 esta em C122
347 esta em C122
876 esta em C122
229 esta em C122
895 esta em C122
190 esta em C122
890 esta em C122
71 esta em C122
526 esta em C122
718 esta em C122
722 esta em C122
283 esta em C122
612 esta em C122
70 esta em C122
640 nao esta em C123
421 nao esta em C123
764 nao esta em C123
388 nao esta em C123
450 nao esta em C123
613 nao esta em C123
491 nao esta em C123
302 nao esta em C123
131 nao esta em C123
839 nao esta em C123
276 nao esta em C123
105 nao esta em C123
676 nao esta em C123
721 nao esta em C123
592 nao esta em C123
998 nao esta em C123
557 nao esta em C123
405 nao esta em C123
146 nao esta em C123
954 nao esta em C123
627 nao esta em C123
251 nao esta em C123
9 nao esta em C123
639 nao esta em C123
623 nao esta em C123
768 nao esta em C123
606 nao esta em C123
716 nao esta em C123
161 nao esta em C123
990 nao esta em C123
190 nao esta em C123
394 nao esta em C123
239 nao esta em C123
426 nao esta em C123
788 nao esta em C123
697 nao esta em C123
841 nao esta em C123
86 nao esta em C123
584 nao esta em C123
35 nao esta em C123
34 nao esta em C123
385 nao esta em C123
850 nao esta em C123
284 nao esta em C123
702 nao esta em C123
312 nao esta em C123
917 nao esta em C123
184 nao esta em C123
775 esta em C123
713 esta em C123
748 esta em C123
354 esta em C123
745 esta em C123
973 esta em C123
524 esta em C123
769 esta em C123
562 esta em C123
533 esta em C123
811 esta em C123
964 esta em C123
984 esta em C123
393 esta em C123
537 esta em C123
957 esta em C123
749 esta em C123
622 esta em C123
704 esta em C123
413 esta em C123
3 esta em C123
582 esta em C123
817 esta em C123
282 esta em C123
842 esta em C123
250 esta em C123
733 esta em C123
910 esta em C123
200 esta em C123
783 esta em C123
589 esta em C123
285 esta em C123
325 esta em C123
415 esta em C123
486 esta em C123
130 esta em C123
504 esta em C123
274 esta em C123
100 esta em C123
556 esta em C123
970 esta em C123
854 esta em C123
201 esta em C123
143 esta em C123
91 esta em C123
792 esta em C123
189 esta em C123
179 esta em C123
581 nao esta em C124
141 nao esta em C124
617 nao esta em C124
441 nao esta em C124
264 nao esta em C124
522 nao esta em C124
333 nao esta em C124
418 nao esta em C124
625 nao esta em C124
896 nao esta em C124
916 nao esta em C124
340 nao esta em C124
746 nao esta em C124
303 nao esta em C124
512 nao esta em C124
714 nao esta em C124
55 nao esta em C124
371 nao esta em C124
92 nao esta em C124
891 nao esta em C124
886 nao esta em C124
682 nao esta em C124
844 nao esta em C124
753 nao esta em C124
738 nao esta em C124
248 nao esta em C124
328 nao esta em C124
974 nao esta em C124
18 nao esta em C124
112 nao esta em C124
83 nao esta em C124
370 nao esta em C124
933 nao esta em C124
822 nao esta em C124
559 nao esta em C124
781 nao esta em C124
413 nao esta em C124
424 nao esta em C124
395 nao esta em C124
215 nao esta em C124
932 nao esta em C124
632 nao esta em C124
89 nao esta em C124
427 nao esta em C124
136 nao esta em C124
944 nao esta em C124
97 nao esta em C124
984 nao esta em C124
129 nao esta em C124
77 esta em C124
722 esta em C124
668 esta em C124
367 esta em C124
763 esta em C124
185 esta em C124
197 esta em C124
691 esta em C124
495 esta em C124
771 esta em C124
297 esta em C124
912 esta em C124
578 esta em C124
883 esta em C124
459 esta em C124
929 esta em C124
899 esta em C124
598 esta em C124
860 esta em C124
832 esta em C124
159 esta em C124
178 esta em C124
940 esta em C124
670 esta em C124
834 esta em C124
414 esta em C124
909 esta em C124
733 esta em C124
472 esta em C124
464 esta em C124
28 esta em C124
642 esta em C124
369 esta em C124
935 esta em C124
200 esta em C124
156 esta em C124
103 esta em C124
381 esta em C124
432 esta em C124
973 esta em C124
338 esta em C124
113 esta em C124
958 esta em C124
790 esta em C124
238 esta em C124
109 esta em C124
201 esta em C124
386 esta em C124
368 nao esta em C125
110 nao esta em C125
663 nao esta em C125
914 nao esta em C125
65 nao esta em C125
981 nao esta em C125
659 nao esta em C125
487 nao esta em C125
515 nao esta em C125
23 nao esta em C125
624 nao esta em C125
900 nao esta em C125
642 nao esta em C125
824 nao esta em C125
330 nao esta em C125
791 nao esta em C125
810 nao esta em C125
311 nao esta em C125
470 nao esta em C125
460 nao esta em C125
478 nao esta em C125
98 nao esta em C125
159 nao esta em C125
455 nao esta em C125
580 nao esta em C125
661 nao esta em C125
562 nao esta em C125
785 nao esta em C125
987 nao esta em C125
883 nao esta em C125
742 nao esta em C125
858 nao esta em C125
951 nao esta em C125
258 nao esta em C125
943 nao esta em C125
44 nao esta em C125
617 nao esta em C125
257 nao esta em C125
10 nao esta em C125
354 nao esta em C125
53 nao esta em C125
131 nao esta em C125
689 nao esta em C125
510 nao esta em C125
931 esta em C125
916 esta em C125
145 esta em C125
636 esta em C125
122 esta em C125
183 esta em C125
111 esta em C125
341 esta em C125
153 esta em C125
591 esta em C125
783 esta em C125
681 esta em C125
325 esta em C125
690 esta em C125
104 esta em C125
310 esta em C125
226 esta em C125
29 esta em C125
531 esta em C125
321 esta em C125
43 esta em C125
180 esta em C125
839 esta em C125
752 esta em C125
923 esta em C125
959 esta em C125
497 esta em C125
32 esta em C125
189 esta em C125
757 esta em C125
411 esta em C125
827 esta em C125
92 esta em C125
302 esta em C125
86 esta em C125
948 esta em C125
656 esta em C125
157 esta em C125
446 esta em C125
737 esta em C125
241 esta em C125
443 esta em C125
175 esta em C125
295 nao esta em C126
383 nao esta em C126
756 nao esta em C126
16 nao esta em C126
968 nao esta em C126
460 nao esta em C126
927 nao esta em C126
280 nao esta em C126
518 nao esta em C126
223 nao esta em C126
892 nao esta em C126
416 nao esta em C126
157 nao esta em C126
799 nao esta em C126
877 nao esta em C126
10 nao esta em C126
319 nao esta em C126
480 nao esta em C126
185 nao esta em C126
377 nao esta em C126
938 nao esta em C126
120 nao esta em C126
749 nao esta em C126
131 nao esta em C126
608 nao esta em C126
566 nao esta em C126
42 nao esta em C126
841 nao esta em C126
736 nao esta em C126
433 nao esta em C126
531 nao esta em C126
630 nao esta em C126
384 nao esta em C126
78 nao esta em C126
886 nao esta em C126
315 nao esta em C126
270 nao esta em C126
321 nao esta em C126
441 nao esta em C126
974 nao esta em C126
147 nao esta em C126
823 esta em C126
862 esta em C126
238 esta em C126
294 esta em C126
831 esta em C126
402 esta em C126
494 esta em C126
406 esta em C126
763 esta em C126
692 esta em C126
375 esta em C126
993 esta em C126
857 esta em C126
863 esta em C126
781 esta em C126
914 esta em C126
422 esta em C126
771 esta em C126
172 esta em C126
94 esta em C126
301 esta em C126
129 esta em C126
627 esta em C126
414 esta em C126
93 esta em C126
271 esta em C126
487 esta em C126
961 esta em C126
308 esta em C126
258 esta em C126
997 esta em C126
195 esta em C126
640 esta em C126
911 esta em C126
743 esta em C126
390 esta em C126
730 esta em C126
962 esta em C126
809 esta em C126
442 esta em C126
432 nao esta em C127
685 nao esta em C127
169 nao esta em C127
0 nao esta em C127
132 nao esta em C127
533 nao esta em C127
961 nao esta em C127
367 nao esta em C127
197 nao esta em C127
569 nao esta em C127
525 nao esta em C127
904 nao esta em C127
238 nao esta em C127
974 nao esta em C127
932 nao esta em C127
548 nao esta em C127
435 nao esta em C127
816 nao esta em C127
115 nao esta em C127
465 nao esta em C127
449 nao esta em C127
463 nao esta em C127
815 esta em C127
897 esta em C127
909 esta em C127
595 esta em C127
207 esta em C127
256 esta em C127
845 esta em C127
738 esta em C127
41 esta em C127
627 esta em C127
40 esta em C127
994 esta em C127
282 esta em C127
621 esta em C127
589 esta em C127
926 esta em C127
120 esta em C127
61 esta em C127
293 esta em C127
854 esta em C127
477 esta em C127
460 esta em C127
